Time,Demand
23,1281.31591224
22,1353.73303968
21,1407.3430476
20,1440.69769984
19,1449.370034
18,1358.25825296
17,1243.94334736
16,1190.70221536
15,1180.5743432
14,1185.337216
13,1198.02471656
12,1227.36106136
11,1249.75003552
10,1252.218226
9,1233.9988192
8,1193.26966696
7,1167.74658952
6,1145.35779064
5,1117.28157632
4,1115.82563792
3,1130.69181512
2,1147.67601312
1,1188.4131308
0,1265.95991312
