Time,Demand
23,1319.77720392
22,1428.26150096
21,1516.80388272
20,1568.91144088
19,1572.4721292
18,1470.47606664
17,1412.86445216
16,1376.2767928
15,1356.00024952
14,1349.34409512
13,1343.54532984
12,1347.58112944
11,1330.7295596
10,1335.21926104
9,1356.63743992
8,1395.35882976
7,1352.8859372
6,1232.58059288
5,1135.63106608
4,1098.64643
3,1100.90974056
2,1117.3018164
1,1158.45911048
0,1224.70691504
