Time,Demand
23,1368.7884252
22,1483.57788544
21,1562.66753272
20,1606.33288256
19,1610.05600952
18,1499.41883952
17,1404.1099688
16,1371.08069056
15,1339.18549464
14,1335.95183176
13,1344.20344744
12,1352.92259648
11,1359.73837832
10,1343.74699312
9,1376.00194368
8,1400.50963752
7,1349.72296424
6,1217.29410432
5,1143.86328112
4,1130.34713512
3,1131.95077968
2,1153.37272792
1,1160.86796448
0,1226.35587984
