Time,Demand
23,1381.33024064
22,1488.52501672
21,1573.00439968
20,1619.98263504
19,1640.5981928
18,1550.98843592
17,1449.54843096
16,1420.55957904
15,1403.14307336
14,1391.99093824
13,1388.57117448
12,1387.4648788
11,1392.50009248
10,1406.54546816
9,1431.9699996
8,1441.40061072
7,1380.28053856
6,1254.56729104
5,1169.81147024
4,1129.39713432
3,1135.15427424
2,1155.57221584
1,1196.42349736
0,1231.3867916
