Time,Demand
23,1287.25357824
22,1387.02892552
21,1452.18761688
20,1485.63802912
19,1485.71269728
18,1351.89103616
17,1234.40746576
16,1171.59590856
15,1134.534646
14,1124.88382496
13,1128.49488752
12,1136.51294064
11,1151.50360584
10,1169.59994368
9,1184.74767208
8,1188.37385856
7,1177.15357256
6,1142.9397196
5,1128.24973968
4,1120.2460668
3,1131.48839832
2,1158.99285712
1,1203.15745816
0,1252.8840464
