Time,Demand
0,1276.19519272
1,1213.05863504
2,1172.68562768
3,1152.6263476
4,1158.30641192
5,1188.0199296
6,1288.22768536
7,1424.85774088
8,1459.2732084
9,1408.12185752
10,1373.45857712
11,1346.70286184
12,1314.44338592
13,1297.315026
14,1303.34992984
15,1316.93979536
16,1336.30931896
17,1367.54862944
18,1453.582914
19,1577.63176592
20,1576.2705616
21,1531.75045632
22,1450.50543176
23,1342.61663312
