Time,Demand
0,1304.08102776
1,1256.3164796
2,1215.22188816
3,1188.29243008
4,1177.76709288
5,1197.04189136
6,1235.06006736
7,1290.80864584
8,1297.52402024
9,1290.0180524
10,1268.49488136
11,1248.44764184
12,1219.69694616
13,1208.83592088
14,1210.82498768
15,1223.30419344
16,1261.2304152
17,1316.69658848
18,1467.33734728
19,1555.1390484
20,1540.25534712
21,1501.94209032
22,1439.83352296
23,1346.46230208
