Time,Demand
0,1257.88826912
1,1189.85469512
2,1152.24919488
3,1128.16329976
4,1119.2735932
5,1133.51279888
6,1223.37343184
7,1350.34935728
8,1392.2184752
9,1354.70041616
10,1321.7485288
11,1310.90082368
12,1304.49435368
13,1303.33483112
14,1337.7722092
15,1338.37453344
16,1349.6851088
17,1376.92365048
18,1431.5776832
19,1524.5269592
20,1506.15377416
21,1459.33512032
22,1388.48269896
23,1301.95925048
