Time,Demand
0,1271.98593032
1,1188.84417288
2,1135.3548024
3,1106.20906704
4,1087.8693756
5,1117.00728664
6,1184.12026096
7,1318.34772496
8,1391.09831952
9,1397.2320488
10,1384.17789272
11,1370.98246264
12,1369.6237576
13,1393.0609532
14,1422.38195008
15,1429.40283472
16,1449.62704544
17,1481.6559156
18,1507.82031736
19,1507.66377552
20,1561.87213784
21,1550.12020408
22,1478.82258496
23,1372.00661472
