Time,Demand
23,1474.77781864
22,1594.92330704
21,1673.41531952
20,1707.43134408
19,1717.88073296
18,1639.64011288
17,1491.84750344
16,1439.01203544
15,1432.66983216
14,1417.41595016
13,1423.77321184
12,1453.46071024
11,1487.63068216
10,1542.20410176
9,1594.79427968
8,1621.63495312
7,1547.02055816
6,1384.13428048
5,1292.33877528
4,1255.38163744
3,1259.1983432
2,1279.0443148
1,1318.73825216
0,1396.9904116
