Time,Demand
23,1404.31172728
22,1516.55215096
21,1589.28708176
20,1624.59759896
19,1620.69735856
18,1485.65736816
17,1386.82514488
16,1342.61728104
15,1317.25461728
14,1315.26337432
13,1321.11378336
12,1339.77841872
11,1368.31018184
10,1394.9653872
9,1408.78365152
8,1452.1325252
7,1421.2446864
6,1278.00262352
5,1204.554554
4,1179.83668152
3,1181.02273688
2,1204.93331
1,1240.69550976
0,1276.53838424
