Time,Demand
0,1365.3579688
1,1289.62479744
2,1236.58241784
3,1210.0348372
4,1196.70390336
5,1203.28038824
6,1236.09020752
7,1280.5764328
8,1315.37738136
9,1334.13496272
10,1323.42526232
11,1326.44935528
12,1308.09838208
13,1296.58029984
14,1300.1507708
15,1316.14262864
16,1321.31800528
17,1375.62845896
18,1512.570976
19,1547.97491968
20,1526.78651328
21,1499.68859712
22,1445.15884744
23,1372.35071568
