Time,Demand
0,1226.35587984
1,1160.86796448
2,1153.37272792
3,1131.95077968
4,1130.34713512
5,1143.86328112
6,1217.29410432
7,1349.72296424
8,1400.50963752
9,1376.00194368
10,1343.74699312
11,1359.73837832
12,1352.92259648
13,1344.20344744
14,1335.95183176
15,1339.18549464
16,1371.08069056
17,1404.1099688
18,1499.41883952
19,1610.05600952
20,1606.33288256
21,1562.66753272
22,1483.57788544
23,1368.7884252
