Time,Demand
23,1414.00262304
22,1530.99520336
21,1617.81449144
20,1664.51394256
19,1685.79609128
18,1643.09248936
17,1506.1961628
16,1449.73653496
15,1449.07271768
14,1452.39903928
13,1451.314158
12,1461.06487408
11,1497.1126016
10,1530.06209496
9,1541.8745804
8,1542.74015896
7,1449.7269332
6,1292.61159384
5,1230.34728992
4,1213.28120032
3,1214.9879252
2,1236.4970744
1,1266.12449096
0,1331.02665304
