Time,Demand
23,1407.99120392
22,1524.24529544
21,1606.1939404
20,1649.17087776
19,1673.17490312
18,1608.13683856
17,1493.4891244
16,1453.57993648
15,1432.40481328
14,1425.6055772
13,1415.16190256
12,1428.59947776
11,1458.46723232
10,1483.26753232
9,1509.15179352
8,1542.0932044
7,1467.55679672
6,1320.1371764
5,1224.37908264
4,1186.4679708
3,1183.64734544
2,1205.90217944
1,1245.96535392
0,1298.56386688
