Time,Demand
0,1371.40367616
1,1301.76359264
2,1264.51910144
3,1234.49136216
4,1224.33884216
5,1236.69586656
6,1279.4056352
7,1347.20426288
8,1376.028598
9,1376.44496248
10,1354.91013392
11,1323.74560472
12,1279.5881476
13,1245.9308792
14,1230.3033708
15,1234.69553704
16,1248.129316
17,1311.72043912
18,1454.02803224
19,1529.4172096
20,1514.38339864
21,1492.22025344
22,1447.24320496
23,1373.80225584
