Time,Demand
23,1296.93273528
22,1384.37932528
21,1453.33718992
20,1485.51675384
19,1471.14447144
18,1329.35934824
17,1221.4699336
16,1189.70523112
15,1168.93036568
14,1157.04762376
13,1167.273506
12,1185.42387488
11,1173.76991536
10,1171.88643824
9,1157.97268328
8,1127.92930264
7,1096.9309792
6,1065.8323956
5,1038.98515056
4,1034.83360848
3,1047.58393824
2,1074.59219112
1,1119.85688192
0,1171.02220256
