Time,Demand
0,1298.56386688
1,1245.96535392
2,1205.90217944
3,1183.64734544
4,1186.4679708
5,1224.37908264
6,1320.1371764
7,1467.55679672
8,1542.0932044
9,1509.15179352
10,1483.26753232
11,1458.46723232
12,1428.59947776
13,1415.16190256
14,1425.6055772
15,1432.40481328
16,1453.57993648
17,1493.4891244
18,1608.13683856
19,1673.17490312
20,1649.17087776
21,1606.1939404
22,1524.24529544
23,1407.99120392
