Time,Demand
23,1362.2887712
22,1443.27502704
21,1496.93171152
20,1527.717086
19,1541.71324608
18,1491.27227368
17,1330.4860464
16,1272.62960552
15,1273.47981096
14,1267.03985296
13,1282.43858568
12,1304.2441692
11,1317.17991384
10,1302.86899008
9,1292.41172032
8,1265.87818392
7,1237.12645448
6,1188.25178248
5,1160.63400656
4,1154.07824448
3,1166.1067936
2,1183.72433144
1,1222.18760552
0,1284.05363072
