Time,Demand
23,1391.733476
22,1478.15696112
21,1544.77677648
20,1594.03381256
19,1633.38159096
18,1589.28604128
17,1488.3799504
16,1451.39297856
15,1447.6815024
14,1452.78986832
13,1461.1809156
12,1472.04152592
11,1477.59912832
10,1485.95703032
9,1496.30995864
8,1490.1755512
7,1414.7094808
6,1278.65836672
5,1202.3835404
4,1168.5604728
3,1171.95479352
2,1199.2773016
1,1243.99377536
0,1302.3978156
