Time,Demand
0,1366.94733336
1,1318.803374
2,1277.16171408
3,1253.92553608
4,1252.91861296
5,1292.06384216
6,1385.94804488
7,1533.6951868
8,1611.53716752
9,1584.31742448
10,1541.31910632
11,1511.36805624
12,1475.75505112
13,1450.09514664
14,1438.55869136
15,1431.33633944
16,1449.77563528
17,1503.0608236
18,1661.09295968
19,1732.35567624
20,1720.02412456
21,1683.59961504
22,1599.8396568
23,1490.20355904
