Time,Demand
23,1425.65842944
22,1544.6130924
21,1632.81244728
20,1674.91537416
19,1708.76695752
18,1689.98651808
17,1575.38901744
16,1512.47525856
15,1501.19853632
14,1492.54404768
13,1491.904624
12,1495.7924016
11,1502.06096264
10,1500.38942928
9,1493.718296
8,1463.46742584
7,1378.26484992
6,1251.85280136
5,1176.20295464
4,1143.77844448
3,1145.4154292
2,1164.63820536
1,1211.72272536
0,1278.67547528
