Time,Demand
23,1370.9241336
22,1467.33891808
21,1536.82878272
20,1578.22662648
19,1598.74014216
18,1574.42062624
17,1417.9114852
16,1334.51993472
15,1336.70191256
14,1339.82119936
13,1355.93440528
12,1368.1642044
11,1364.05807552
10,1338.64404744
9,1311.42782848
8,1272.62863056
7,1231.90906888
6,1167.44828424
5,1123.02550528
4,1106.09540832
3,1114.28272928
2,1139.79082392
1,1185.5944632
0,1246.5499788
