Time,Demand
0,1300.3416804
1,1229.50091992
2,1199.22416208
3,1176.75099192
4,1169.18030096
5,1198.39855744
6,1280.14092416
7,1412.53649544
8,1501.67981656
9,1520.29068744
10,1532.59771728
11,1537.4696848
12,1518.18280432
13,1506.52112128
14,1494.90870144
15,1483.43801704
16,1502.77684424
17,1543.30087632
18,1634.51819104
19,1680.1971704
20,1650.4293792
21,1602.6253348
22,1509.5566668
23,1397.03790128
