Time,Demand
23,1361.75209352
22,1453.89923504
21,1523.87334456
20,1568.8494472
19,1601.39192528
18,1584.51378288
17,1523.06027832
16,1496.24986672
15,1491.6420288
14,1499.63542008
13,1506.43570672
12,1495.2455056
11,1500.58023248
10,1480.20328904
9,1443.71302824
8,1401.47263088
7,1319.39471552
6,1193.56982696
5,1143.64251232
4,1128.01851344
3,1133.3040964
2,1158.8805508
1,1174.88052584
0,1241.47679712
