Time,Demand
23,1342.61663312
22,1450.50543176
21,1531.75045632
20,1576.2705616
19,1577.63176592
18,1453.582914
17,1367.54862944
16,1336.30931896
15,1316.93979536
14,1303.34992984
13,1297.315026
12,1314.44338592
11,1346.70286184
10,1373.45857712
9,1408.12185752
8,1459.2732084
7,1424.85774088
6,1288.22768536
5,1188.0199296
4,1158.30641192
3,1152.6263476
2,1172.68562768
1,1213.05863504
0,1276.19519272
