Time,Demand
23,1398.2164364
22,1505.23861768
21,1588.0113228
20,1636.7628844
19,1663.25079144
18,1653.01074904
17,1526.18209408
16,1468.57013016
15,1452.30376704
14,1450.750238
13,1448.52107008
12,1457.88201664
11,1469.76380712
10,1472.48702832
9,1470.84444304
8,1453.50095464
7,1387.27671432
6,1271.32285112
5,1203.78455568
4,1175.996696
3,1179.35490232
2,1207.57881944
1,1245.8695424
0,1316.5500684
