Time,Demand
23,1406.50134408
22,1526.385
21,1614.56450288
20,1660.33954016
19,1684.24899328
18,1630.08162912
17,1512.40901
16,1473.75734408
15,1462.10671544
14,1456.65630656
13,1452.94037896
12,1465.21491424
11,1491.67929736
10,1496.32318416
9,1524.13553432
8,1540.18059832
7,1461.10083616
6,1314.22499432
5,1227.63905824
4,1188.43847304
3,1189.4496404
2,1212.99630144
1,1250.49233848
0,1310.34263248
