Time,Demand
0,1212.01962392
1,1139.48819936
2,1095.5936824
3,1071.08418032
4,1057.1926232
5,1053.61351424
6,1067.58032696
7,1096.9905268
8,1106.40420352
9,1130.61585
10,1142.54442848
11,1157.56019568
12,1159.7921188
13,1159.26137768
14,1177.32397272
15,1183.85378552
16,1208.86115
17,1262.93848128
18,1366.02450432
19,1446.26516496
20,1433.42446128
21,1398.55233616
22,1342.89420272
23,1255.63420808
