Time,Demand
23,1296.97640128
22,1386.00754488
21,1444.70004672
20,1444.952824
19,1361.66513616
18,1310.3604388
17,1266.48542048
16,1251.98257408
15,1242.30870176
14,1256.65978592
13,1253.28891968
12,1273.86698712
11,1262.03379904
10,1246.03828272
9,1219.54670376
8,1182.58816424
7,1157.48891552
6,1119.3768684
5,1094.0721568
4,1094.57624752
3,1117.85364936
2,1155.09044056
1,1206.41132304
0,1270.43784896
