Time,Demand
0,1300.4263076
1,1233.19933352
2,1189.00429088
3,1163.4914732
4,1155.00503496
5,1182.0443712
6,1249.79372672
7,1362.62137536
8,1450.27086456
9,1475.88969808
10,1477.32281088
11,1470.79300424
12,1448.22603744
13,1425.16103408
14,1412.42749144
15,1418.72066
16,1427.2739152
17,1497.83436936
18,1638.51132872
19,1660.2600168
20,1641.30300824
21,1599.52030952
22,1517.88402976
23,1410.04244248
