Time,Demand
0,1252.88707936
1,1201.90765128
2,1160.78207896
3,1133.60397528
4,1119.82176992
5,1124.1270908
6,1149.48153544
7,1193.70633144
8,1220.32613808
9,1268.49038344
10,1308.7760364
11,1315.11726808
12,1302.55734952
13,1313.96226416
14,1315.93188888
15,1313.45463144
16,1332.37064072
17,1365.3687908
18,1459.21371288
19,1507.59924896
20,1501.78773752
21,1493.123296
22,1419.94216112
23,1322.78479872
