Time,Demand
0,1307.12912736
1,1236.75696088
2,1198.34355088
3,1177.2847212
4,1178.42131624
5,1202.7281616
6,1274.2691444
7,1396.53043264
8,1488.36230088
9,1493.58914096
10,1485.53431376
11,1468.33324176
12,1448.98735856
13,1433.61357496
14,1424.3045292
15,1430.75792496
16,1448.8639704
17,1503.33114064
18,1635.7702844
19,1662.76462352
20,1633.47005304
21,1590.83411032
22,1512.11220496
23,1395.52955696
