Time,Demand
0,1293.8855776
1,1229.18869864
2,1186.0503536
3,1152.08816912
4,1141.03923808
5,1160.81477568
6,1174.31029968
7,1219.22057768
8,1245.01530272
9,1284.85260904
10,1301.02707952
11,1287.78440448
12,1267.43655304
13,1247.81126568
14,1229.00182608
15,1220.13445848
16,1245.75216024
17,1308.20196136
18,1423.84096456
19,1519.92823696
20,1496.7095668
21,1461.4373956
22,1407.7488152
23,1329.13963
