Time,Demand
23,1419.04558488
22,1535.05978976
21,1634.13618592
20,1695.64375736
19,1736.18165616
18,1717.39127448
17,1600.03059944
16,1550.77591704
15,1565.5467464
14,1569.88793696
13,1562.94803448
12,1562.68832832
11,1574.74255792
10,1553.68377528
9,1559.69908248
8,1562.17570992
7,1475.08053
6,1326.9029648
5,1252.4049608
4,1217.96168032
3,1222.0394816
2,1246.54160288
1,1286.10083896
0,1338.45277888
