Time,Demand
0,1312.22180992
1,1259.34666368
2,1229.35659672
3,1203.9298236
4,1202.440512
5,1240.35449272
6,1312.62036808
7,1434.22884304
8,1504.651918
9,1504.36900544
10,1473.84966624
11,1435.99333528
12,1417.31850232
13,1393.51959096
14,1393.07708736
15,1413.84986064
16,1424.70339312
17,1493.8275128
18,1636.77613232
19,1653.63989952
20,1622.89526224
21,1582.71212848
22,1516.72281208
23,1425.88868072
