Time,Demand
0,1224.20248776
1,1160.67158144
2,1115.43857096
3,1087.33615872
4,1072.15372152
5,1083.4572196
6,1124.66723208
7,1163.08617936
8,1184.38693968
9,1189.49896968
10,1202.68909208
11,1196.00509672
12,1175.9362328
13,1165.65766352
14,1176.61581856
15,1186.38594312
16,1199.42005232
17,1234.14890592
18,1323.04277224
19,1426.99221336
20,1414.08198624
21,1381.44187608
22,1326.71134792
23,1250.514272
