Time,Demand
0,1305.59322936
1,1234.68855664
2,1182.03711472
3,1149.35959824
4,1135.3264076
5,1143.1133924
6,1173.56800232
7,1215.65218488
8,1243.942924
9,1274.04171944
10,1277.5093688
11,1265.89350216
12,1262.00892328
13,1253.16335368
14,1261.85724896
15,1267.65900632
16,1290.96106552
17,1321.63387496
18,1434.84475456
19,1509.8294652
20,1490.75890376
21,1463.74779992
22,1412.2333932
23,1335.0960504
