Time,Demand
23,1359.67330016
22,1471.43343816
21,1552.53323904
20,1569.7208016
19,1486.42860968
18,1454.71142768
17,1430.08434072
16,1407.35089152
15,1392.47681832
14,1397.7529216
13,1393.56460432
12,1407.86930312
11,1424.8130428
10,1428.04274984
9,1423.15542208
8,1399.44200704
7,1313.70433656
6,1185.58265224
5,1110.0535012
4,1082.17014696
3,1084.93598136
2,1103.07272936
1,1135.413048
0,1182.3069552
