Time,Demand
0,1165.13075784
1,1119.99483288
2,1102.90216064
3,1081.99338912
4,1081.84965112
5,1104.39965608
6,1135.41526224
7,1215.77018864
8,1261.03155976
9,1310.024842
10,1346.39560944
11,1361.48088328
12,1376.2486892
13,1379.797538
14,1393.84217672
15,1399.29414464
16,1392.45065568
17,1423.50192376
18,1507.21432736
19,1578.40203976
20,1541.27212736
21,1490.89674384
22,1414.0886284
23,1307.4688424
