Time,Demand
0,1253.57670592
1,1192.68733696
2,1166.40204296
3,1144.9414676
4,1145.51273984
5,1182.17529976
6,1270.02337672
7,1399.38783264
8,1436.60441792
9,1392.86282576
10,1361.92813904
11,1356.37234208
12,1338.10587064
13,1349.1406096
14,1354.12059216
15,1344.06187664
16,1356.7253728
17,1371.4015812
18,1444.53567328
19,1569.4446264
20,1570.28417056
21,1526.10492664
22,1440.79138728
23,1328.64017216
