Time,Demand
23,1400.34551552
22,1519.12285168
21,1602.42565336
20,1651.70635896
19,1680.20897688
18,1605.09911016
17,1489.743864
16,1456.45348408
15,1434.68345104
14,1421.42027888
13,1417.97294464
12,1434.43021848
11,1438.93219176
10,1473.36346136
9,1513.2309276
8,1536.78273336
7,1457.53930168
6,1307.16002312
5,1206.70094048
4,1166.00432256
3,1160.08700024
2,1174.9850784
1,1206.11942808
0,1266.79987224
