Time,Demand
0,1404.64666664
1,1329.29000064
2,1283.41491992
3,1263.19372032
4,1261.59051536
5,1292.66427248
6,1388.9000664
7,1553.56389944
8,1624.9512608
9,1591.16641264
10,1536.026954
11,1499.9627272
12,1473.49900488
13,1440.8543016
14,1432.96878256
15,1431.22201264
16,1425.82840904
17,1485.46957608
18,1654.75349928
19,1729.10663856
20,1718.06243056
21,1683.74831968
22,1606.85650944
23,1499.14007544
