Time,Demand
23,1395.26959712
22,1501.28740384
21,1592.54576488
20,1651.18858688
19,1683.42460944
18,1641.92685496
17,1563.58454224
16,1538.98238088
15,1529.09459976
14,1526.08409912
13,1509.32970888
12,1491.5604816
11,1481.50922864
10,1476.73816696
9,1467.53769624
8,1451.95435672
7,1381.30537608
6,1244.0808184
5,1181.12451352
4,1154.30638064
3,1162.30152696
2,1190.77552048
1,1235.31639952
0,1293.72725888
