Time,Demand
23,1332.50337976
22,1415.03343688
21,1473.11821832
20,1511.91757136
19,1541.16505816
18,1533.31037048
17,1408.79087832
16,1352.91426872
15,1352.56155272
14,1360.2957396
13,1373.83379784
12,1398.39049336
11,1412.25430024
10,1401.53405952
9,1369.03249392
8,1321.5040048
7,1279.9421544
6,1220.60740592
5,1185.15612152
4,1178.23997928
3,1189.85269368
2,1222.2288792
1,1275.58195912
0,1331.62248408
