Time,Demand
23,1389.21477464
22,1482.08347336
21,1550.65515584
20,1593.15625224
19,1620.3514404
18,1576.43690456
17,1498.59980704
16,1473.03023504
15,1489.47353912
14,1495.18277384
13,1473.86592752
12,1482.95540232
11,1495.00212848
10,1488.89478192
9,1474.51212552
8,1450.41614144
7,1373.298836
6,1250.97300048
5,1178.24944608
4,1169.16216872
3,1159.90754096
2,1185.13268552
1,1213.04350552
0,1285.57393888
