Time,Demand
0,1182.3069552
1,1135.413048
2,1103.07272936
3,1084.93598136
4,1082.17014696
5,1110.0535012
6,1185.58265224
7,1313.70433656
8,1399.44200704
9,1423.15542208
10,1428.04274984
11,1424.8130428
12,1407.86930312
13,1393.56460432
14,1397.7529216
15,1392.47681832
16,1407.35089152
17,1430.08434072
18,1454.71142768
19,1486.42860968
20,1569.7208016
21,1552.53323904
22,1471.43343816
23,1359.67330016
