Time,Demand
0,1258.24764632
1,1189.05747408
2,1135.63609488
3,1103.7287828
4,1095.92490728
5,1112.03164408
6,1177.0485636
7,1316.52750432
8,1396.20205592
9,1394.49344664
10,1386.9270296
11,1394.07845976
12,1407.61887952
13,1420.08807024
14,1457.82249032
15,1488.0046748
16,1524.92967648
17,1560.6570168
18,1575.0294
19,1595.4951908
20,1653.71854088
21,1625.6891756
22,1537.6250232
23,1404.51643304
