Time,Demand
0,1214.55262768
1,1157.07824792
2,1127.19638472
3,1112.39783312
4,1117.17128264
5,1160.7807932
6,1248.81285704
7,1385.06577776
8,1435.44416512
9,1405.88673344
10,1386.34612872
11,1358.79592744
12,1331.04374592
13,1309.60585448
14,1321.1486932
15,1318.33652888
16,1322.66063216
17,1357.3167468
18,1450.68800296
19,1593.75864816
20,1600.84945552
21,1558.0352844
22,1472.23963936
23,1357.26987592
