Time,Demand
0,1252.44293272
1,1197.71547728
2,1156.29170272
3,1124.48219296
4,1105.45001952
5,1105.33543736
6,1127.56969472
7,1171.73442736
8,1191.77067072
9,1221.21892144
10,1242.71185584
11,1261.6941148
12,1277.30150296
13,1279.44207944
14,1281.0837844
15,1300.13187136
16,1320.90293552
17,1370.90989448
18,1500.6669776
19,1514.54437736
20,1486.54044336
21,1439.8368796
22,1366.56773232
23,1274.61852616
