Time,Demand
23,1319.5341656
22,1435.96620944
21,1527.55654856
20,1586.43083368
19,1604.3289584
18,1514.85151552
17,1466.34084856
16,1432.33620264
15,1422.29573584
14,1401.60237224
13,1378.86200872
12,1373.9138644
11,1369.45097968
10,1338.62076992
9,1328.99937408
8,1356.02889184
7,1314.79582752
6,1199.33384928
5,1107.83092672
4,1078.64117424
3,1082.7450536
2,1107.62261848
1,1146.80675424
0,1217.30917336
