Time,Demand
0,1292.78298912
1,1224.8305804
2,1185.315628
3,1168.9015268
4,1173.42768592
5,1209.89707552
6,1286.4587624
7,1444.8139888
8,1534.02339888
9,1553.50253744
10,1549.72164536
11,1541.33287056
12,1541.88052816
13,1528.9117172
14,1505.36344448
15,1489.3463732
16,1501.67321248
17,1548.62856512
18,1694.71908368
19,1752.3159528
20,1729.18695376
21,1684.62648816
22,1590.99708152
23,1472.450126
