Time,Demand
0,1212.74000792
1,1155.83717536
2,1117.97020608
3,1099.96527592
4,1103.47913928
5,1144.76673248
6,1233.27886808
7,1378.26584504
8,1454.9007816
9,1458.30151656
10,1451.68181256
11,1454.96992984
12,1441.87990352
13,1429.67818952
14,1426.01503184
15,1416.94827288
16,1432.0696096
17,1458.14545576
18,1539.3094528
19,1640.66262136
20,1632.44631704
21,1582.58138136
22,1493.562938
23,1380.68071008
