Time,Demand
23,1279.07469424
22,1381.1169988
21,1442.27804448
20,1441.5874956
19,1354.38730224
18,1308.71681024
17,1265.57725112
16,1243.27686
15,1202.2778908
14,1180.140388
13,1159.58259648
12,1166.0426652
11,1170.41470672
10,1152.6646628
9,1134.62064688
8,1107.47458472
7,1090.17154904
6,1054.09831968
5,1037.47959784
4,1039.98613208
3,1055.02459552
2,1090.21871616
1,1145.25176248
0,1203.78030248
