Time,Demand
0,1276.71288976
1,1197.65458176
2,1149.76363096
3,1116.5388164
4,1103.93229464
5,1115.29183472
6,1179.15602392
7,1301.07070688
8,1360.90966312
9,1361.9323116
10,1360.9503264
11,1378.67568608
12,1391.66518176
13,1393.92801968
14,1419.00888248
15,1454.55330496
16,1459.04397856
17,1490.39551304
18,1515.58433544
19,1530.6847752
20,1610.09452352
21,1595.00619544
22,1520.43391416
23,1392.84896576
