Time,Demand
23,1328.64017216
22,1440.79138728
21,1526.10492664
20,1570.28417056
19,1569.4446264
18,1444.53567328
17,1371.4015812
16,1356.7253728
15,1344.06187664
14,1354.12059216
13,1349.1406096
12,1338.10587064
11,1356.37234208
10,1361.92813904
9,1392.86282576
8,1436.60441792
7,1399.38783264
6,1270.02337672
5,1182.17529976
4,1145.51273984
3,1144.9414676
2,1166.40204296
1,1192.68733696
0,1253.57670592
