Time,Demand
23,1435.18102448
22,1556.8784028
21,1641.06639928
20,1686.03135624
19,1703.8812616
18,1660.03072424
17,1510.7842512
16,1469.55202128
15,1455.39303112
14,1446.13184128
13,1457.35128616
12,1484.19588744
11,1525.98663112
10,1531.1893352
9,1563.45863912
8,1578.65676416
7,1505.13572944
6,1346.52876568
5,1259.29303528
4,1225.58718128
3,1223.7378636
2,1233.43129112
1,1258.60544936
0,1324.74234144
