Time,Demand
23,1338.9131252
22,1453.69571592
21,1541.85289832
20,1593.27665336
19,1618.30846128
18,1539.76182696
17,1454.96582728
16,1409.7657672
15,1388.0332732
14,1386.61123944
13,1373.74317024
12,1382.80054024
11,1394.45937064
10,1404.98598072
9,1427.64967856
8,1431.74392648
7,1376.99988664
6,1249.49595736
5,1163.65732672
4,1131.82204968
3,1130.92541128
2,1156.48718808
1,1198.64517752
0,1254.9167316
