Time,Demand
23,1329.13963
22,1407.7488152
21,1461.4373956
20,1496.7095668
19,1519.92823696
18,1423.84096456
17,1308.20196136
16,1245.75216024
15,1220.13445848
14,1229.00182608
13,1247.81126568
12,1267.43655304
11,1287.78440448
10,1301.02707952
9,1284.85260904
8,1245.01530272
7,1219.22057768
6,1174.31029968
5,1160.81477568
4,1141.03923808
3,1152.08816912
2,1186.0503536
1,1229.18869864
0,1293.8855776
