Time,Demand
23,1357.26987592
22,1472.23963936
21,1558.0352844
20,1600.84945552
19,1593.75864816
18,1450.68800296
17,1357.3167468
16,1322.66063216
15,1318.33652888
14,1321.1486932
13,1309.60585448
12,1331.04374592
11,1358.79592744
10,1386.34612872
9,1405.88673344
8,1435.44416512
7,1385.06577776
6,1248.81285704
5,1160.7807932
4,1117.17128264
3,1112.39783312
2,1127.19638472
1,1157.07824792
0,1214.55262768
