Time,Demand
0,1313.85192176
1,1253.74797296
2,1209.49494344
3,1189.38562848
4,1182.04267048
5,1213.21903584
6,1296.08250632
7,1445.670912
8,1519.30341808
9,1507.33619008
10,1492.15373104
11,1473.668518
12,1451.0645912
13,1451.44103496
14,1458.64309584
15,1465.99628224
16,1478.20128008
17,1513.09315528
18,1622.68262744
19,1674.23239704
20,1649.29534112
21,1603.62593328
22,1519.37511488
23,1407.414778
