Time,Demand
0,1293.72725888
1,1235.31639952
2,1190.77552048
3,1162.30152696
4,1154.30638064
5,1181.12451352
6,1244.0808184
7,1381.30537608
8,1451.95435672
9,1467.53769624
10,1476.73816696
11,1481.50922864
12,1491.5604816
13,1509.32970888
14,1526.08409912
15,1529.09459976
16,1538.98238088
17,1563.58454224
18,1641.92685496
19,1683.42460944
20,1651.18858688
21,1592.54576488
22,1501.28740384
23,1395.26959712
