Time,Demand
23,1372.00661472
22,1478.82258496
21,1550.12020408
20,1561.87213784
19,1507.66377552
18,1507.82031736
17,1481.6559156
16,1449.62704544
15,1429.40283472
14,1422.38195008
13,1393.0609532
12,1369.6237576
11,1370.98246264
10,1384.17789272
9,1397.2320488
8,1391.09831952
7,1318.34772496
6,1184.12026096
5,1117.00728664
4,1087.8693756
3,1106.20906704
2,1135.3548024
1,1188.84417288
0,1271.98593032
