Time,Demand
23,1335.0960504
22,1412.2333932
21,1463.74779992
20,1490.75890376
19,1509.8294652
18,1434.84475456
17,1321.63387496
16,1290.96106552
15,1267.65900632
14,1261.85724896
13,1253.16335368
12,1262.00892328
11,1265.89350216
10,1277.5093688
9,1274.04171944
8,1243.942924
7,1215.65218488
6,1173.56800232
5,1143.1133924
4,1135.3264076
3,1149.35959824
2,1182.03711472
1,1234.68855664
0,1305.59322936
