Time,Demand
0,1231.3867916
1,1196.42349736
2,1155.57221584
3,1135.15427424
4,1129.39713432
5,1169.81147024
6,1254.56729104
7,1380.28053856
8,1441.40061072
9,1431.9699996
10,1406.54546816
11,1392.50009248
12,1387.4648788
13,1388.57117448
14,1391.99093824
15,1403.14307336
16,1420.55957904
17,1449.54843096
18,1550.98843592
19,1640.5981928
20,1619.98263504
21,1573.00439968
22,1488.52501672
23,1381.33024064
