Time,Demand
0,1302.3978156
1,1243.99377536
2,1199.2773016
3,1171.95479352
4,1168.5604728
5,1202.3835404
6,1278.65836672
7,1414.7094808
8,1490.1755512
9,1496.30995864
10,1485.95703032
11,1477.59912832
12,1472.04152592
13,1461.1809156
14,1452.78986832
15,1447.6815024
16,1451.39297856
17,1488.3799504
18,1589.28604128
19,1633.38159096
20,1594.03381256
21,1544.77677648
22,1478.15696112
23,1391.733476
