Time,Demand
0,1237.00172008
1,1159.84990856
2,1123.73451624
3,1094.4476144
4,1083.10552672
5,1083.76489032
6,1103.16527496
7,1132.37371464
8,1150.58315512
9,1171.61335648
10,1198.090768
11,1206.7328308
12,1212.92997168
13,1219.29861872
14,1222.02728312
15,1246.644336
16,1282.49604168
17,1303.75627592
18,1370.366172
19,1462.6957604
20,1455.48360496
21,1412.60405888
22,1346.25256808
23,1260.62043744
