Time,Demand
23,1255.63420808
22,1342.89420272
21,1398.55233616
20,1433.42446128
19,1446.26516496
18,1366.02450432
17,1262.93848128
16,1208.86115
15,1183.85378552
14,1177.32397272
13,1159.26137768
12,1159.7921188
11,1157.56019568
10,1142.54442848
9,1130.61585
8,1106.40420352
7,1096.9905268
6,1067.58032696
5,1053.61351424
4,1057.1926232
3,1071.08418032
2,1095.5936824
1,1139.48819936
0,1212.01962392
