Time,Demand
23,1404.51643304
22,1537.6250232
21,1625.6891756
20,1653.71854088
19,1595.4951908
18,1575.0294
17,1560.6570168
16,1524.92967648
15,1488.0046748
14,1457.82249032
13,1420.08807024
12,1407.61887952
11,1394.07845976
10,1386.9270296
9,1394.49344664
8,1396.20205592
7,1316.52750432
6,1177.0485636
5,1112.03164408
4,1095.92490728
3,1103.7287828
2,1135.63609488
1,1189.05747408
0,1258.24764632
