Time,Demand
0,1324.74234144
1,1258.60544936
2,1233.43129112
3,1223.7378636
4,1225.58718128
5,1259.29303528
6,1346.52876568
7,1505.13572944
8,1578.65676416
9,1563.45863912
10,1531.1893352
11,1525.98663112
12,1484.19588744
13,1457.35128616
14,1446.13184128
15,1455.39303112
16,1469.55202128
17,1510.7842512
18,1660.03072424
19,1703.8812616
20,1686.03135624
21,1641.06639928
22,1556.8784028
23,1435.18102448
