Time,Demand
23,1326.14185312
22,1421.4745496
21,1493.47651488
20,1543.87245936
19,1558.69153832
18,1482.65562984
17,1444.83534776
16,1435.94606848
15,1439.24159176
14,1455.81595824
13,1456.05005728
12,1444.82781632
11,1414.66268384
10,1378.35224688
9,1369.52863376
8,1350.6117296
7,1290.24941248
6,1183.17358544
5,1103.41023072
4,1076.09298608
3,1082.54388704
2,1106.88358256
1,1145.99619792
0,1215.39756184
