Time,Demand
0,1284.20156368
1,1234.73355152
2,1193.41583536
3,1172.9923128
4,1174.31143536
5,1205.27268904
6,1274.81941104
7,1378.87178296
8,1443.18625136
9,1474.54249824
10,1473.6950284
11,1450.5606752
12,1420.13020968
13,1393.54783848
14,1375.32605784
15,1395.18692824
16,1418.4636228
17,1474.942924
18,1633.40503088
19,1686.10334704
20,1666.06960968
21,1622.24459992
22,1541.83258712
23,1423.77004168
