Time,Demand
23,1410.87084208
22,1531.26028496
21,1623.56285224
20,1676.722852
19,1699.50488008
18,1653.59159504
17,1550.79245552
16,1523.37647
15,1532.17393784
14,1529.156972
13,1532.4192716
12,1539.48750368
11,1541.13871072
10,1543.93132376
9,1531.7489404
8,1496.36877376
7,1392.52568616
6,1252.98489848
5,1171.36023032
4,1137.45398592
3,1132.69306584
2,1146.35078096
1,1181.36954656
0,1241.58641488
