Time,Demand
0,1203.78030248
1,1145.25176248
2,1090.21871616
3,1055.02459552
4,1039.98613208
5,1037.47959784
6,1054.09831968
7,1090.17154904
8,1107.47458472
9,1134.62064688
10,1152.6646628
11,1170.41470672
12,1166.0426652
13,1159.58259648
14,1180.140388
15,1202.2778908
16,1243.27686
17,1265.57725112
18,1308.71681024
19,1354.38730224
20,1441.5874956
21,1442.27804448
22,1381.1169988
23,1279.07469424
