Time,Demand
23,1320.69917336
22,1410.057278
21,1471.58828992
20,1507.02755784
19,1515.58122072
18,1401.87212088
17,1265.73883072
16,1181.9562748
15,1140.20100544
14,1125.96755432
13,1131.48745304
12,1139.6018844
11,1155.44027368
10,1178.944018
9,1199.42914056
8,1214.32623032
7,1220.5124456
6,1170.49068024
5,1132.1724008
4,1123.47362344
3,1136.78673864
2,1162.4763332
1,1182.61463992
0,1242.514728
