Time,Demand
23,1472.450126
22,1590.99708152
21,1684.62648816
20,1729.18695376
19,1752.3159528
18,1694.71908368
17,1548.62856512
16,1501.67321248
15,1489.3463732
14,1505.36344448
13,1528.9117172
12,1541.88052816
11,1541.33287056
10,1549.72164536
9,1553.50253744
8,1534.02339888
7,1444.8139888
6,1286.4587624
5,1209.89707552
4,1173.42768592
3,1168.9015268
2,1185.315628
1,1224.8305804
0,1292.78298912
