Time,Demand
23,1373.80225584
22,1447.24320496
21,1492.22025344
20,1514.38339864
19,1529.4172096
18,1454.02803224
17,1311.72043912
16,1248.129316
15,1234.69553704
14,1230.3033708
13,1245.9308792
12,1279.5881476
11,1323.74560472
10,1354.91013392
9,1376.44496248
8,1376.028598
7,1347.20426288
6,1279.4056352
5,1236.69586656
4,1224.33884216
3,1234.49136216
2,1264.51910144
1,1301.76359264
0,1371.40367616
