Time,Demand
23,1410.04244248
22,1517.88402976
21,1599.52030952
20,1641.30300824
19,1660.2600168
18,1638.51132872
17,1497.83436936
16,1427.2739152
15,1418.72066
14,1412.42749144
13,1425.16103408
12,1448.22603744
11,1470.79300424
10,1477.32281088
9,1475.88969808
8,1450.27086456
7,1362.62137536
6,1249.79372672
5,1182.0443712
4,1155.00503496
3,1163.4914732
2,1189.00429088
1,1233.19933352
0,1300.4263076
