Time,Demand
0,1278.67547528
1,1211.72272536
2,1164.63820536
3,1145.4154292
4,1143.77844448
5,1176.20295464
6,1251.85280136
7,1378.26484992
8,1463.46742584
9,1493.718296
10,1500.38942928
11,1502.06096264
12,1495.7924016
13,1491.904624
14,1492.54404768
15,1501.19853632
16,1512.47525856
17,1575.38901744
18,1689.98651808
19,1708.76695752
20,1674.91537416
21,1632.81244728
22,1544.6130924
23,1425.65842944
