Time,Demand
0,1254.9167316
1,1198.64517752
2,1156.48718808
3,1130.92541128
4,1131.82204968
5,1163.65732672
6,1249.49595736
7,1376.99988664
8,1431.74392648
9,1427.64967856
10,1404.98598072
11,1394.45937064
12,1382.80054024
13,1373.74317024
14,1386.61123944
15,1388.0332732
16,1409.7657672
17,1454.96582728
18,1539.76182696
19,1618.30846128
20,1593.27665336
21,1541.85289832
22,1453.69571592
23,1338.9131252
