Time,Demand
0,1241.47679712
1,1174.88052584
2,1158.8805508
3,1133.3040964
4,1128.01851344
5,1143.64251232
6,1193.56982696
7,1319.39471552
8,1401.47263088
9,1443.71302824
10,1480.20328904
11,1500.58023248
12,1495.2455056
13,1506.43570672
14,1499.63542008
15,1491.6420288
16,1496.24986672
17,1523.06027832
18,1584.51378288
19,1601.39192528
20,1568.8494472
21,1523.87334456
22,1453.89923504
23,1361.75209352
