Time,Demand
23,1499.14007544
22,1606.85650944
21,1683.74831968
20,1718.06243056
19,1729.10663856
18,1654.75349928
17,1485.46957608
16,1425.82840904
15,1431.22201264
14,1432.96878256
13,1440.8543016
12,1473.49900488
11,1499.9627272
10,1536.026954
9,1591.16641264
8,1624.9512608
7,1553.56389944
6,1388.9000664
5,1292.66427248
4,1261.59051536
3,1263.19372032
2,1283.41491992
1,1329.29000064
0,1404.64666664
