Time,Demand
23,1274.61852616
22,1366.56773232
21,1439.8368796
20,1486.54044336
19,1514.54437736
18,1500.6669776
17,1370.90989448
16,1320.90293552
15,1300.13187136
14,1281.0837844
13,1279.44207944
12,1277.30150296
11,1261.6941148
10,1242.71185584
9,1221.21892144
8,1191.77067072
7,1171.73442736
6,1127.56969472
5,1105.33543736
4,1105.45001952
3,1124.48219296
2,1156.29170272
1,1197.71547728
0,1252.44293272
