Time,Demand
0,1224.70691504
1,1158.45911048
2,1117.3018164
3,1100.90974056
4,1098.64643
5,1135.63106608
6,1232.58059288
7,1352.8859372
8,1395.35882976
9,1356.63743992
10,1335.21926104
11,1330.7295596
12,1347.58112944
13,1343.54532984
14,1349.34409512
15,1356.00024952
16,1376.2767928
17,1412.86445216
18,1470.47606664
19,1572.4721292
20,1568.91144088
21,1516.80388272
22,1428.26150096
23,1319.77720392
