Time,Demand
0,1288.88495512
1,1236.14525608
2,1203.57578208
3,1174.4520396
4,1172.54277504
5,1203.12292576
6,1282.6742068
7,1421.71562512
8,1513.01164784
9,1528.84665528
10,1547.50298416
11,1553.51504112
12,1546.84168352
13,1536.0600192
14,1517.04455728
15,1507.68872856
16,1515.4595176
17,1564.6341368
18,1684.01074016
19,1714.56853848
20,1685.83083256
21,1629.07033464
22,1549.28675552
23,1442.20128864
