Time,Demand
0,1310.34263248
1,1250.49233848
2,1212.99630144
3,1189.4496404
4,1188.43847304
5,1227.63905824
6,1314.22499432
7,1461.10083616
8,1540.18059832
9,1524.13553432
10,1496.32318416
11,1491.67929736
12,1465.21491424
13,1452.94037896
14,1456.65630656
15,1462.10671544
16,1473.75734408
17,1512.40901
18,1630.08162912
19,1684.24899328
20,1660.33954016
21,1614.56450288
22,1526.385
23,1406.50134408
