Time,Demand
23,1464.36910088
22,1555.80124896
21,1614.01491272
20,1648.70717648
19,1663.62938784
18,1598.51403208
17,1462.05058272
16,1422.02592784
15,1402.13234784
14,1399.99051024
13,1406.03352344
12,1438.9641252
11,1474.83456008
10,1503.28397128
9,1553.76157272
8,1582.62791288
7,1516.7278168
6,1370.5441736
5,1278.58374952
4,1239.3561432
3,1242.32837008
2,1263.13831168
1,1309.78034992
0,1375.1648204
