Time,Demand
23,1343.52262352
22,1445.6219428
21,1523.26841296
20,1570.28654664
19,1590.78712856
18,1515.8709944
17,1433.2641148
16,1403.46061744
15,1397.38503632
14,1400.72829512
13,1403.63170136
12,1399.94675352
11,1393.20684944
10,1407.2120888
9,1408.7854508
8,1424.79444744
7,1363.5425188
6,1225.38737608
5,1150.65013056
4,1119.61803352
3,1128.97706376
2,1145.00102976
1,1194.07881264
0,1263.93237432
