Time,Demand
0,1338.45277888
1,1286.10083896
2,1246.54160288
3,1222.0394816
4,1217.96168032
5,1252.4049608
6,1326.9029648
7,1475.08053
8,1562.17570992
9,1559.69908248
10,1553.68377528
11,1574.74255792
12,1562.68832832
13,1562.94803448
14,1569.88793696
15,1565.5467464
16,1550.77591704
17,1600.03059944
18,1717.39127448
19,1736.18165616
20,1695.64375736
21,1634.13618592
22,1535.05978976
23,1419.04558488
