Time,Demand
23,1303.0869404
22,1400.57795864
21,1469.25944032
20,1471.7743992
19,1380.37146688
18,1302.32460848
17,1231.51546168
16,1198.12393064
15,1151.29384048
14,1121.05428736
13,1105.3488152
12,1100.7394076
11,1094.74382584
10,1095.06877144
9,1100.21342704
8,1094.14543
7,1081.27103112
6,1044.49894248
5,1031.43981304
2,1068.74642392
1,1114.25830768
0,1181.52689816
