Time,Demand
0,1246.5499788
1,1249.0036188
2,1194.1019748
3,1153.58048904
4,1126.250986
5,1119.54761912
6,1142.817214
7,1181.47462272
8,1201.55962976
9,1208.75444256
10,1206.08330584
11,1198.29140928
12,1187.15112768
13,1180.01981944
14,1183.5852196
15,1204.44443448
16,1237.97342704
17,1297.15921216
18,1455.95058504
19,1489.68376424
20,1478.81059256
21,1450.90266608
22,1395.84187904
23,1319.66712472
