Time,Demand
0,1375.1648204
1,1309.78034992
2,1263.13831168
3,1242.32837008
4,1239.3561432
5,1278.58374952
6,1370.5441736
7,1516.7278168
8,1582.62791288
9,1553.76157272
10,1503.28397128
11,1474.83456008
12,1438.9641252
13,1406.03352344
14,1399.99051024
15,1402.13234784
16,1422.02592784
17,1462.05058272
18,1598.51403208
19,1663.62938784
20,1648.70717648
21,1614.01491272
22,1555.80124896
23,1464.36910088
