Time,Demand
23,1367.46914136
22,1486.54963128
21,1575.61978784
20,1626.13866016
19,1659.77732368
18,1644.62215624
17,1514.0601896
16,1471.19968856
15,1470.39984
14,1455.56914552
13,1461.46550368
12,1489.36628624
11,1509.08539936
10,1509.79113936
9,1487.41070688
8,1456.13109992
7,1353.0377308
6,1224.89059056
5,1156.06346856
4,1121.85749592
3,1104.04917728
2,1109.85712208
1,1130.03591624
0,1185.77359712
