Time,Demand
0,1284.05363072
1,1222.18760552
2,1183.72433144
3,1166.1067936
4,1154.07824448
5,1160.63400656
6,1188.25178248
7,1237.12645448
8,1265.87818392
9,1292.41172032
10,1302.86899008
11,1317.17991384
12,1304.2441692
13,1282.43858568
14,1267.03985296
15,1273.47981096
16,1272.62960552
17,1330.4860464
18,1491.27227368
19,1541.71324608
20,1527.717086
21,1496.93171152
22,1443.27502704
23,1362.2887712
