Time,Demand
23,1442.20128864
22,1549.28675552
21,1629.07033464
20,1685.83083256
19,1714.56853848
18,1684.01074016
17,1564.6341368
16,1515.4595176
15,1507.68872856
14,1517.04455728
13,1536.0600192
12,1546.84168352
11,1553.51504112
10,1547.50298416
9,1528.84665528
8,1513.01164784
7,1421.71562512
6,1282.6742068
5,1203.12292576
4,1172.54277504
3,1174.4520396
2,1203.57578208
1,1236.14525608
0,1288.88495512
