Time,Demand
0,1241.58641488
1,1181.36954656
2,1146.35078096
3,1132.69306584
4,1137.45398592
5,1171.36023032
6,1252.98489848
7,1392.52568616
8,1496.36877376
9,1531.7489404
10,1543.93132376
11,1541.13871072
12,1539.48750368
13,1532.4192716
14,1529.156972
15,1532.17393784
16,1523.37647
17,1550.79245552
18,1653.59159504
19,1699.50488008
20,1676.722852
21,1623.56285224
22,1531.26028496
23,1410.87084208
