Time,Demand
23,1384.19331456
22,1471.56372776
21,1530.43856504
20,1559.4439056
19,1559.78561536
18,1438.14936384
17,1337.34502944
16,1319.24734424
15,1303.6881116
14,1307.7433908
13,1317.2830132
12,1345.21678704
11,1390.62817488
10,1404.65680376
9,1452.22019376
8,1493.30278832
7,1449.9990204
6,1314.6063896
5,1220.47650256
4,1192.7393604
3,1188.5095908
2,1210.96067624
1,1244.32410368
0,1305.06872664
