Time,Demand
23,1423.77004168
22,1541.83258712
21,1622.24459992
20,1666.06960968
19,1686.10334704
18,1633.40503088
17,1474.942924
16,1418.4636228
15,1395.18692824
14,1375.32605784
13,1393.54783848
12,1420.13020968
11,1450.5606752
10,1473.6950284
9,1474.54249824
8,1443.18625136
7,1378.87178296
6,1274.81941104
5,1205.27268904
4,1174.31143536
3,1172.9923128
2,1193.41583536
1,1234.73355152
0,1284.20156368
