Time,Demand
0,1285.57393888
1,1213.04350552
2,1185.13268552
3,1159.90754096
4,1169.16216872
5,1178.24944608
6,1250.97300048
7,1373.298836
8,1450.41614144
9,1474.51212552
10,1488.89478192
11,1495.00212848
12,1482.95540232
13,1473.86592752
14,1495.18277384
15,1489.47353912
16,1473.03023504
17,1498.59980704
18,1576.43690456
19,1620.3514404
20,1593.15625224
21,1550.65515584
22,1482.08347336
23,1389.21477464
