Time,Demand
0,1335.23634664
1,1264.61939296
2,1224.115466
3,1197.98667408
4,1195.26658832
5,1227.48108056
6,1292.54796888
7,1446.1841464
8,1550.8986696
9,1579.5926804
10,1586.01151408
11,1612.10522032
12,1611.94049968
13,1586.61752312
14,1561.45657864
15,1539.51092792
16,1529.56853392
17,1585.47156544
18,1687.50644944
19,1701.4283804
20,1662.41499424
21,1611.79240096
22,1538.50212208
23,1468.73257832
