Time,Demand
0,1286.30432784
1,1214.27211248
2,1173.65781344
3,1151.65309448
4,1148.87926104
5,1187.65355184
6,1271.38087608
7,1417.95451784
8,1463.15400952
9,1420.75567312
10,1382.0533804
11,1344.95736368
12,1316.45777088
13,1295.78497888
14,1285.81971
15,1289.272306
16,1302.02217712
17,1338.70189208
18,1440.82092616
19,1574.13013184
20,1585.48940088
21,1551.5264156
22,1473.3468624
23,1360.998114
