Time,Demand
23,1336.23482272
22,1448.97654048
21,1527.89162232
20,1575.83361208
19,1602.37515536
18,1514.41457776
17,1416.91413528
16,1384.04439208
15,1379.76650224
14,1376.88111904
13,1365.77928088
12,1345.02718728
11,1356.72987576
10,1389.03107
9,1420.251546
8,1442.15408288
7,1385.22790728
6,1247.4856548
5,1162.76546736
4,1132.5397328
3,1135.24666136
2,1161.47546144
1,1204.112644
0,1274.52603712
