Time,Demand
0,1185.77359712
1,1130.03591624
2,1109.85712208
3,1104.04917728
4,1121.85749592
5,1156.06346856
6,1224.89059056
7,1353.0377308
8,1456.13109992
9,1487.41070688
10,1509.79113936
11,1509.08539936
12,1489.36628624
13,1461.46550368
14,1455.56914552
15,1470.39984
16,1471.19968856
17,1514.0601896
18,1644.62215624
19,1659.77732368
20,1626.13866016
21,1575.61978784
22,1486.54963128
23,1367.46914136
