Time,Demand
0,1215.39756184
1,1145.99619792
2,1106.88358256
3,1082.54388704
4,1076.09298608
5,1103.41023072
6,1183.17358544
7,1290.24941248
8,1350.6117296
9,1369.52863376
10,1378.35224688
11,1414.66268384
12,1444.82781632
13,1456.05005728
14,1455.81595824
15,1439.24159176
16,1435.94606848
17,1444.83534776
18,1482.65562984
19,1558.69153832
20,1543.87245936
21,1493.47651488
22,1421.4745496
23,1326.14185312
