Time,Demand
23,1395.52955696
22,1512.11220496
21,1590.83411032
20,1633.47005304
19,1662.76462352
18,1635.7702844
17,1503.33114064
16,1448.8639704
15,1430.75792496
14,1424.3045292
13,1433.61357496
12,1448.98735856
11,1468.33324176
10,1485.53431376
9,1493.58914096
8,1488.36230088
7,1396.53043264
6,1274.2691444
5,1202.7281616
4,1178.42131624
3,1177.2847212
2,1198.34355088
1,1236.75696088
0,1307.12912736
