Time,Demand
23,1406.57945456
22,1511.31624728
21,1600.44817744
20,1655.84926584
19,1688.88501488
18,1680.64751232
17,1572.37594248
16,1521.0847428
15,1503.33496264
14,1500.66969584
13,1507.13896144
12,1520.440544
11,1528.23240528
10,1521.99337472
9,1508.99691432
8,1489.3839912
7,1396.08361368
6,1269.8062496
5,1205.11632752
4,1175.5863728
3,1177.89601048
2,1183.45185616
1,1210.96672704
0,1269.56319168
