Time,Demand
0,1215.0596584
1,1151.91358296
2,1124.83569968
3,1107.55239952
4,1103.11238968
5,1119.19828664
6,1185.2026256
7,1319.08189784
8,1380.89215432
9,1395.37205136
10,1390.20108248
11,1387.25372912
12,1385.74585016
13,1395.28665528
14,1418.18023424
15,1398.30131112
16,1395.4650948
17,1423.04572312
18,1510.683174
19,1600.3964144
20,1577.82079504
21,1527.0313408
22,1444.05974216
23,1326.48801376
