Time,Demand
23,1396.0040248
22,1510.17987512
21,1602.1268284
20,1658.72230552
19,1688.20689744
18,1632.71378256
17,1542.13802904
16,1515.45263744
15,1510.07267432
14,1506.2814172
13,1505.25115496
12,1503.64801328
11,1504.27068736
10,1503.92740456
9,1501.99626192
8,1476.19052392
7,1401.49375352
6,1263.53551128
5,1195.92491144
4,1166.94665696
3,1173.93868424
2,1199.03552608
1,1225.80156664
0,1295.02507904
