Time,Demand
23,1312.86508752
22,1376.51514112
21,1433.40923208
20,1465.87227416
19,1473.02067472
18,1372.42242088
17,1268.75000952
16,1240.44021696
15,1188.72593672
14,1176.8929452
13,1184.56767296
12,1204.50579088
11,1233.26482328
10,1259.18875152
9,1287.18425136
8,1283.7986896
7,1266.78571656
6,1213.83857392
5,1170.48835008
4,1158.55642896
3,1168.02586936
2,1199.0399176
1,1243.10370912
0,1297.04822632
