Time,Demand
23,1372.35071568
22,1445.15884744
21,1499.68859712
20,1526.78651328
19,1547.97491968
18,1512.570976
17,1375.62845896
16,1321.31800528
15,1316.14262864
14,1300.1507708
13,1296.58029984
12,1308.09838208
11,1326.44935528
10,1323.42526232
9,1334.13496272
8,1315.37738136
7,1280.5764328
6,1236.09020752
5,1203.28038824
4,1196.70390336
3,1210.0348372
2,1236.58241784
1,1289.62479744
0,1365.3579688
