Time,Demand
0,1334.08646336
1,1273.98604424
2,1239.43391768
3,1217.1460392
4,1211.70406336
5,1239.10919832
6,1309.52719968
7,1464.69902544
8,1553.64928936
9,1550.57643832
10,1530.3578584
11,1505.02686488
12,1474.11948544
13,1449.55350456
14,1432.95810392
15,1426.99932592
16,1444.12364208
17,1504.03643152
18,1631.2483936
19,1656.49964144
20,1628.04233256
21,1588.73271368
22,1522.30934128
23,1430.98451496
