Time,Demand
23,1346.46230208
22,1439.83352296
21,1501.94209032
20,1540.25534712
19,1555.1390484
18,1467.33734728
17,1316.69658848
16,1261.2304152
15,1223.30419344
14,1210.82498768
13,1208.83592088
12,1219.69694616
11,1248.44764184
10,1268.49488136
9,1290.0180524
8,1297.52402024
7,1290.80864584
6,1235.06006736
5,1197.04189136
4,1177.76709288
3,1188.29243008
2,1215.22188816
1,1256.3164796
0,1304.08102776
