Time,Demand
0,1171.02220256
1,1119.85688192
2,1074.59219112
3,1047.58393824
4,1034.83360848
5,1038.98515056
6,1065.8323956
7,1096.9309792
8,1127.92930264
9,1157.97268328
10,1171.88643824
11,1173.76991536
12,1185.42387488
13,1167.273506
14,1157.04762376
15,1168.93036568
16,1189.70523112
17,1221.4699336
18,1329.35934824
19,1471.14447144
20,1485.51675384
21,1453.33718992
22,1384.37932528
23,1296.93273528
