Time,Demand
23,1324.18704544
22,1424.21777848
21,1506.2483856
20,1554.21107072
19,1563.33550128
18,1451.27317384
17,1390.90953232
16,1350.1824364
15,1329.86180992
14,1316.91570136
13,1305.64817208
12,1308.83639992
11,1335.1323636
10,1361.92914704
9,1387.7770144
8,1435.07875168
7,1393.93253496
6,1261.0529624
5,1172.09928304
4,1131.86173968
3,1130.21393072
2,1153.60737912
1,1194.58613064
0,1253.4326084
