Time,Demand
23,1378.57364288
22,1471.30570608
21,1546.45250088
20,1599.51412992
19,1623.18198728
18,1597.19640752
17,1490.97583712
16,1451.73670376
15,1446.2191044
14,1430.78898032
13,1404.51180688
12,1383.47391392
11,1380.61489496
10,1364.10754088
9,1324.97773576
8,1269.89697856
7,1230.84978856
6,1194.46802048
5,1171.68075304
4,1167.39383488
3,1178.55835552
2,1199.481668
1,1254.68425208
0,1299.89266848
