Time,Demand
0,1305.06872664
1,1244.32410368
2,1210.96067624
3,1188.5095908
4,1192.7393604
5,1220.47650256
6,1314.6063896
7,1449.9990204
8,1493.30278832
9,1452.22019376
10,1404.65680376
11,1390.62817488
12,1345.21678704
13,1317.2830132
14,1307.7433908
15,1303.6881116
16,1319.24734424
17,1337.34502944
18,1438.14936384
19,1559.78561536
20,1559.4439056
21,1530.43856504
22,1471.56372776
23,1384.19331456
