Time,Demand
0,1299.89266848
1,1254.68425208
2,1199.481668
3,1178.55835552
4,1167.39383488
5,1171.68075304
6,1194.46802048
7,1230.84978856
8,1269.89697856
9,1324.97773576
10,1364.10754088
11,1380.61489496
12,1383.47391392
13,1404.51180688
14,1430.78898032
15,1446.2191044
16,1451.73670376
17,1490.97583712
18,1597.19640752
19,1623.18198728
20,1599.51412992
21,1546.45250088
22,1471.30570608
23,1378.57364288
