Time,Demand
0,1345.00346176
1,1267.95920384
2,1228.88284736
3,1210.61515848
4,1196.40165512
5,1202.94701912
6,1234.2979768
7,1280.01250552
8,1313.9595672
9,1332.67980944
10,1317.541036
11,1292.5609928
12,1278.8280848
13,1273.47563112
14,1274.22383816
15,1276.550982
16,1281.78416072
17,1353.21857944
18,1505.51268448
19,1545.49589488
20,1528.2846208
21,1493.28469584
22,1436.52567968
23,1360.0499584
