Time,Demand
0,1269.56319168
1,1210.96672704
2,1183.45185616
3,1177.89601048
4,1175.5863728
5,1205.11632752
6,1269.8062496
7,1396.08361368
8,1489.3839912
9,1508.99691432
10,1521.99337472
11,1528.23240528
12,1520.440544
13,1507.13896144
14,1500.66969584
15,1503.33496264
16,1521.0847428
17,1572.37594248
18,1680.64751232
19,1688.88501488
20,1655.84926584
21,1600.44817744
22,1511.31624728
23,1406.57945456
