Time,Demand
0,1242.514728
1,1182.61463992
2,1162.4763332
3,1136.78673864
4,1123.47362344
5,1132.1724008
6,1170.49068024
7,1220.5124456
8,1214.32623032
9,1199.42914056
10,1178.944018
11,1155.44027368
12,1139.6018844
13,1131.48745304
14,1125.96755432
15,1140.20100544
16,1181.9562748
17,1265.73883072
18,1401.87212088
19,1515.58122072
20,1507.02755784
21,1471.58828992
22,1410.057278
23,1320.69917336
