Time,Demand
0,1295.02507904
1,1225.80156664
2,1199.03552608
3,1173.93868424
4,1166.94665696
5,1195.92491144
6,1263.53551128
7,1401.49375352
8,1476.19052392
9,1501.99626192
10,1503.92740456
11,1504.27068736
12,1503.64801328
13,1505.25115496
14,1506.2814172
15,1510.07267432
16,1515.45263744
17,1542.13802904
18,1632.71378256
19,1688.20689744
20,1658.72230552
21,1602.1268284
22,1510.17987512
23,1396.0040248
