Time,Demand
23,1380.68071008
22,1493.562938
21,1582.58138136
20,1632.44631704
19,1640.66262136
18,1539.3094528
17,1458.14545576
16,1432.0696096
15,1416.94827288
14,1426.01503184
13,1429.67818952
12,1441.87990352
11,1454.96992984
10,1451.68181256
9,1458.30151656
8,1454.9007816
7,1378.26584504
6,1233.27886808
5,1144.76673248
4,1103.47913928
3,1099.96527592
2,1117.97020608
1,1155.83717536
0,1212.74000792
