Time,Demand
0,1252.8840464
1,1203.15745816
2,1158.99285712
3,1131.48839832
4,1120.2460668
5,1128.24973968
6,1142.9397196
7,1177.15357256
8,1188.37385856
9,1184.74767208
10,1169.59994368
11,1151.50360584
12,1136.51294064
13,1128.49488752
14,1124.88382496
15,1134.534646
16,1171.59590856
17,1234.40746576
18,1351.89103616
19,1485.71269728
20,1485.63802912
21,1452.18761688
22,1387.02892552
23,1287.25357824
