Time,Demand
23,1301.95925048
22,1388.48269896
21,1459.33512032
20,1506.15377416
19,1524.5269592
18,1431.5776832
17,1376.92365048
16,1349.6851088
15,1338.37453344
14,1337.7722092
13,1303.33483112
12,1304.49435368
11,1310.90082368
10,1321.7485288
9,1354.70041616
8,1392.2184752
7,1350.34935728
6,1223.37343184
5,1133.51279888
4,1119.2735932
3,1128.16329976
2,1152.24919488
1,1189.85469512
0,1257.88826912
