Time,Demand
0,1263.93237432
1,1194.07881264
2,1145.00102976
3,1128.97706376
4,1119.61803352
5,1150.65013056
6,1225.38737608
7,1363.5425188
8,1424.79444744
9,1408.7854508
10,1407.2120888
11,1393.20684944
12,1399.94675352
13,1403.63170136
14,1400.72829512
15,1397.38503632
16,1403.46061744
17,1433.2641148
18,1515.8709944
19,1590.78712856
20,1570.28654664
21,1523.26841296
22,1445.6219428
23,1343.52262352
