Time,Demand
0,1265.95991312
1,1188.4131308
2,1147.67601312
3,1130.69181512
4,1115.82563792
5,1117.28157632
6,1145.35779064
7,1167.74658952
8,1193.26966696
9,1233.9988192
10,1252.218226
11,1249.75003552
12,1227.36106136
13,1198.02471656
14,1185.337216
15,1180.5743432
16,1190.70221536
17,1243.94334736
18,1358.25825296
19,1449.370034
20,1440.69769984
21,1407.3430476
22,1353.73303968
23,1281.31591224
