Time,Demand
23,1468.73257832
22,1538.50212208
21,1611.79240096
20,1662.41499424
19,1701.4283804
18,1687.50644944
17,1585.47156544
16,1529.56853392
15,1539.51092792
14,1561.45657864
13,1586.61752312
12,1611.94049968
11,1612.10522032
10,1586.01151408
9,1579.5926804
8,1550.8986696
7,1446.1841464
6,1292.54796888
5,1227.48108056
4,1195.26658832
3,1197.98667408
2,1224.115466
1,1264.61939296
0,1335.23634664
