Time,Demand
23,1490.20355904
22,1599.8396568
21,1683.59961504
20,1720.02412456
19,1732.35567624
18,1661.09295968
17,1503.0608236
16,1449.77563528
15,1431.33633944
14,1438.55869136
13,1450.09514664
12,1475.75505112
11,1511.36805624
10,1541.31910632
9,1584.31742448
8,1611.53716752
7,1533.6951868
6,1385.94804488
5,1292.06384216
4,1252.91861296
3,1253.92553608
2,1277.16171408
1,1318.803374
0,1366.94733336
