Time,Demand
23,1430.98451496
22,1522.30934128
21,1588.73271368
20,1628.04233256
19,1656.49964144
18,1631.2483936
17,1504.03643152
16,1444.12364208
15,1426.99932592
14,1432.95810392
13,1449.55350456
12,1474.11948544
11,1505.02686488
10,1530.3578584
9,1550.57643832
8,1553.64928936
7,1464.69902544
6,1309.52719968
5,1239.10919832
4,1211.70406336
3,1217.1460392
2,1239.43391768
1,1273.98604424
0,1334.08646336
