Time,Demand
23,1382.79971928
22,1514.91326112
21,1605.56902856
20,1628.17272688
19,1567.48887288
18,1537.74065872
17,1500.63570104
16,1465.29060216
15,1457.18263824
14,1433.23756912
13,1398.51401144
12,1384.42271912
11,1369.99555112
10,1363.17078464
9,1382.21960352
8,1383.45812976
7,1292.173484
6,1153.36928
5,1072.35179464
4,1060.86857352
3,1061.1154316
2,1087.61341248
1,1135.08735648
0,1195.64241104
