Time,Demand
0,1297.04822632
1,1243.10370912
2,1199.0399176
3,1168.02586936
4,1158.55642896
5,1170.48835008
6,1213.83857392
7,1266.78571656
8,1283.7986896
9,1287.18425136
10,1259.18875152
11,1233.26482328
12,1204.50579088
13,1184.56767296
14,1176.8929452
15,1188.72593672
16,1240.44021696
17,1268.75000952
18,1372.42242088
19,1473.02067472
20,1465.87227416
21,1433.40923208
22,1376.51514112
23,1312.86508752
