Time,Demand
23,1360.998114
22,1473.3468624
21,1551.5264156
20,1585.48940088
19,1574.13013184
18,1440.82092616
17,1338.70189208
16,1302.02217712
15,1289.272306
14,1285.81971
13,1295.78497888
12,1316.45777088
11,1344.95736368
10,1382.0533804
9,1420.75567312
8,1463.15400952
7,1417.95451784
6,1271.38087608
5,1187.65355184
4,1148.87926104
3,1151.65309448
2,1173.65781344
1,1214.27211248
0,1286.30432784
