Time,Demand
23,1307.4688424
22,1414.0886284
21,1490.89674384
20,1541.27212736
19,1578.40203976
18,1507.21432736
17,1423.50192376
16,1392.45065568
15,1399.29414464
14,1393.84217672
13,1379.797538
12,1376.2486892
11,1361.48088328
10,1346.39560944
9,1310.024842
8,1261.03155976
7,1215.77018864
6,1135.41526224
5,1104.39965608
4,1081.84965112
3,1081.99338912
2,1102.90216064
1,1119.99483288
0,1165.13075784
