Time,Demand
0,1253.4326084
1,1194.58613064
2,1153.60737912
3,1130.21393072
4,1131.86173968
5,1172.09928304
6,1261.0529624
7,1393.93253496
8,1435.07875168
9,1387.7770144
10,1361.92914704
11,1335.1323636
12,1308.83639992
13,1305.64817208
14,1316.91570136
15,1329.86180992
16,1350.1824364
17,1390.90953232
18,1451.27317384
19,1563.33550128
20,1554.21107072
21,1506.2483856
22,1424.21777848
23,1324.18704544
