Time,Demand
0,1217.30917336
1,1146.80675424
2,1107.62261848
3,1082.7450536
4,1078.64117424
5,1107.83092672
6,1199.33384928
7,1314.79582752
8,1356.02889184
9,1328.99937408
10,1338.62076992
11,1369.45097968
12,1373.9138644
13,1378.86200872
14,1401.60237224
15,1422.29573584
16,1432.33620264
17,1466.34084856
18,1514.85151552
19,1604.3289584
20,1586.43083368
21,1527.55654856
22,1435.96620944
23,1319.5341656
