Time,Demand
23,1425.88868072
22,1516.72281208
21,1582.71212848
20,1622.89526224
19,1653.63989952
18,1636.77613232
17,1493.8275128
16,1424.70339312
15,1413.84986064
14,1393.07708736
13,1393.51959096
12,1417.31850232
11,1435.99333528
10,1473.84966624
9,1504.36900544
8,1504.651918
7,1434.22884304
6,1312.62036808
5,1240.35449272
4,1202.440512
3,1203.9298236
2,1229.35659672
1,1259.34666368
0,1312.22180992
