Time,Demand
0,1396.9904116
1,1318.73825216
2,1279.0443148
3,1259.1983432
4,1255.38163744
5,1292.33877528
6,1384.13428048
7,1547.02055816
8,1621.63495312
9,1594.79427968
10,1542.20410176
11,1487.63068216
12,1453.46071024
13,1423.77321184
14,1417.41595016
15,1432.66983216
16,1439.01203544
17,1491.84750344
18,1639.64011288
19,1717.88073296
20,1707.43134408
21,1673.41531952
22,1594.92330704
23,1474.77781864
