Time,Demand
0,1316.5500684
1,1245.8695424
2,1207.57881944
3,1179.35490232
4,1175.996696
5,1203.78455568
6,1271.32285112
7,1387.27671432
8,1453.50095464
9,1470.84444304
10,1472.48702832
11,1469.76380712
12,1457.88201664
13,1448.52107008
14,1450.750238
15,1452.30376704
16,1468.57013016
17,1526.18209408
18,1653.01074904
19,1663.25079144
20,1636.7628844
21,1588.0113228
22,1505.23861768
23,1398.2164364
