Time,Demand
0,1270.43784896
1,1206.41132304
2,1155.09044056
3,1117.85364936
4,1094.57624752
5,1094.0721568
6,1119.3768684
7,1157.48891552
8,1182.58816424
9,1219.54670376
10,1246.03828272
11,1262.03379904
12,1273.86698712
13,1253.28891968
14,1256.65978592
15,1242.30870176
16,1251.98257408
17,1266.48542048
18,1310.3604388
19,1361.66513616
20,1444.952824
21,1444.70004672
22,1386.00754488
23,1296.97640128
