Time,Demand
0,1266.79987224
1,1206.11942808
2,1174.9850784
3,1160.08700024
4,1166.00432256
5,1206.70094048
6,1307.16002312
7,1457.53930168
8,1536.78273336
9,1513.2309276
10,1473.36346136
11,1438.93219176
12,1434.43021848
13,1417.97294464
14,1421.42027888
15,1434.68345104
16,1456.45348408
17,1489.743864
18,1605.09911016
19,1680.20897688
20,1651.70635896
21,1602.42565336
22,1519.12285168
23,1400.34551552
