Time,Demand
23,1407.414778
22,1519.37511488
21,1603.62593328
20,1649.29534112
19,1674.23239704
18,1622.68262744
17,1513.09315528
16,1478.20128008
15,1465.99628224
14,1458.64309584
13,1451.44103496
12,1451.0645912
11,1473.668518
10,1492.15373104
9,1507.33619008
8,1519.30341808
7,1445.670912
6,1296.08250632
5,1213.21903584
4,1182.04267048
3,1189.38562848
2,1209.49494344
1,1253.74797296
0,1313.85192176
