Time,Demand
0,1331.02665304
1,1266.12449096
2,1236.4970744
3,1214.9879252
4,1213.28120032
5,1230.34728992
6,1292.61159384
7,1449.7269332
8,1542.74015896
9,1541.8745804
10,1530.06209496
11,1497.1126016
12,1461.06487408
13,1451.314158
14,1452.39903928
15,1449.07271768
16,1449.73653496
17,1506.1961628
18,1643.09248936
19,1685.79609128
20,1664.51394256
21,1617.81449144
22,1530.99520336
23,1414.00262304
