Time,Demand
23,1250.514272
22,1326.71134792
21,1381.44187608
20,1414.08198624
19,1426.99221336
18,1323.04277224
17,1234.14890592
16,1199.42005232
15,1186.38594312
14,1176.61581856
13,1165.65766352
12,1175.9362328
11,1196.00509672
10,1202.68909208
9,1189.49896968
8,1184.38693968
7,1163.08617936
6,1124.66723208
5,1083.4572196
4,1072.15372152
3,1087.33615872
2,1115.43857096
1,1160.67158144
0,1224.20248776
