Time,Demand
0,1195.64241104
1,1135.08735648
2,1087.61341248
3,1061.1154316
4,1060.86857352
5,1072.35179464
6,1153.36928
7,1292.173484
8,1383.45812976
9,1382.21960352
10,1363.17078464
11,1369.99555112
12,1384.42271912
13,1398.51401144
14,1433.23756912
15,1457.18263824
16,1465.29060216
17,1500.63570104
18,1537.74065872
19,1567.48887288
20,1628.17272688
21,1605.56902856
22,1514.91326112
23,1382.79971928
