Time,Demand
23,1392.84896576
22,1520.43391416
21,1595.00619544
20,1610.09452352
19,1530.6847752
18,1515.58433544
17,1490.39551304
16,1459.04397856
15,1454.55330496
14,1419.00888248
13,1393.92801968
12,1391.66518176
11,1378.67568608
10,1360.9503264
9,1361.9323116
8,1360.90966312
7,1301.07070688
6,1179.15602392
5,1115.29183472
4,1103.93229464
3,1116.5388164
2,1149.76363096
1,1197.65458176
0,1276.71288976
