Time,Demand
23,1360.0499584
22,1436.52567968
21,1493.28469584
20,1528.2846208
19,1545.49589488
18,1505.51268448
17,1353.21857944
16,1281.78416072
15,1276.550982
14,1274.22383816
13,1273.47563112
12,1278.8280848
11,1292.5609928
10,1317.541036
9,1332.67980944
8,1313.9595672
7,1280.01250552
6,1234.2979768
5,1202.94701912
4,1196.40165512
3,1210.61515848
2,1228.88284736
1,1267.95920384
0,1345.00346176
