Time,Demand
23,1392.49320112
22,1515.00156976
21,1592.69484024
20,1602.62464208
19,1527.05871976
18,1510.10051472
17,1488.96448848
16,1469.14746104
15,1449.72649808
14,1429.54568064
13,1409.43550608
12,1410.6040592
11,1409.43206488
10,1409.84068008
9,1418.60519192
8,1414.20604584
7,1336.86340648
6,1196.46505608
5,1134.0607628
4,1120.0234416
3,1131.94787832
2,1146.48133992
1,1183.6654592
0,1269.83030104
