Time,Demand
23,1397.03790128
22,1509.5566668
21,1602.6253348
20,1650.4293792
19,1680.1971704
18,1634.51819104
17,1543.30087632
16,1502.77684424
15,1483.43801704
14,1494.90870144
13,1506.52112128
12,1518.18280432
11,1537.4696848
10,1532.59771728
9,1520.29068744
8,1501.67981656
7,1412.53649544
6,1280.14092416
5,1198.39855744
4,1169.18030096
3,1176.75099192
2,1199.22416208
1,1229.50091992
0,1300.3416804
