Time,Demand
23,1260.62043744
22,1346.25256808
21,1412.60405888
20,1455.48360496
19,1462.6957604
18,1370.366172
17,1303.75627592
16,1282.49604168
15,1246.644336
14,1222.02728312
13,1219.29861872
12,1212.92997168
11,1206.7328308
10,1198.090768
9,1171.61335648
8,1150.58315512
7,1132.37371464
6,1103.16527496
5,1083.76489032
4,1083.10552672
3,1094.4476144
2,1123.73451624
1,1159.84990856
0,1237.00172008
