Time,Demand
23,1319.66712472
22,1395.84187904
21,1450.90266608
20,1478.81059256
19,1489.68376424
18,1455.95058504
17,1297.15921216
16,1237.97342704
15,1204.44443448
14,1183.5852196
13,1180.01981944
12,1187.15112768
11,1198.29140928
10,1206.08330584
9,1208.75444256
8,1201.55962976
7,1181.47462272
6,1142.817214
5,1119.54761912
4,1126.250986
3,1153.58048904
2,1194.1019748
1,1249.0036188
0,1246.5499788
