Time,Demand
0,1276.53838424
1,1240.69550976
2,1204.93331
3,1181.02273688
4,1179.83668152
5,1204.554554
6,1278.00262352
7,1421.2446864
8,1452.1325252
9,1408.78365152
10,1394.9653872
11,1368.31018184
12,1339.77841872
13,1321.11378336
14,1315.26337432
15,1317.25461728
16,1342.61728104
17,1386.82514488
18,1485.65736816
19,1620.69735856
20,1624.59759896
21,1589.28708176
22,1516.55215096
23,1404.31172728
