Time,Demand
0,1274.52603712
1,1204.112644
2,1161.47546144
3,1135.24666136
4,1132.5397328
5,1162.76546736
6,1247.4856548
7,1385.22790728
8,1442.15408288
9,1420.251546
10,1389.03107
11,1356.72987576
12,1345.02718728
13,1365.77928088
14,1376.88111904
15,1379.76650224
16,1384.04439208
17,1416.91413528
18,1514.41457776
19,1602.37515536
20,1575.83361208
21,1527.89162232
22,1448.97654048
23,1336.23482272
