Time,Demand
0,1269.83030104
1,1183.6654592
2,1146.48133992
3,1131.94787832
4,1120.0234416
5,1134.0607628
6,1196.46505608
7,1336.86340648
8,1414.20604584
9,1418.60519192
10,1409.84068008
11,1409.43206488
12,1410.6040592
13,1409.43550608
14,1429.54568064
15,1449.72649808
16,1469.14746104
17,1488.96448848
18,1510.10051472
19,1527.05871976
20,1602.62464208
21,1592.69484024
22,1515.00156976
23,1392.49320112
