Time,Demand
23,1322.78479872
22,1419.94216112
21,1493.123296
20,1501.78773752
19,1507.59924896
18,1459.21371288
17,1365.3687908
16,1332.37064072
15,1313.45463144
14,1315.93188888
13,1313.96226416
12,1302.55734952
11,1315.11726808
10,1308.7760364
9,1268.49038344
8,1220.32613808
7,1193.70633144
6,1149.48153544
5,1124.1270908
4,1119.82176992
3,1133.60397528
2,1160.78207896
1,1201.90765128
0,1252.88707936
