Time,Demand
23,1341.47138216
22,1452.52168768
21,1542.9825068
20,1595.31898568
19,1625.060948
18,1632.39998432
17,1532.29909952
16,1483.24921416
15,1451.53846936
14,1443.96578256
13,1413.71192872
12,1405.04731416
11,1396.11792824
10,1400.90906872
9,1411.50551584
8,1423.3268252
7,1365.58948624
6,1241.17775712
5,1147.42269488
4,1114.8261432
3,1114.32937056
2,1138.43841272
1,1177.59221496
0,1236.15724792
