Time,Demand
0,1370.02346768
1,1283.84408432
2,1231.85179544
3,1214.17685312
4,1201.8801088
5,1220.07937688
6,1287.05524304
7,1418.52920048
8,1496.54856568
9,1523.98001896
10,1541.7622388
11,1560.60613184
12,1579.47434624
13,1607.4658068
14,1664.17452488
15,1710.33909816
16,1745.50688872
17,1772.13745352
18,1763.57626368
19,1783.63339392
20,1785.71721552
21,1721.53472064
22,1619.546852
23,1484.98260008
