Time,Demand
23,1433.6174132
22,1559.3979632
21,1655.10268224
20,1720.8409092
19,1701.06364512
18,1671.87822256
17,1651.49606888
16,1611.80146456
15,1565.12299552
14,1521.67221192
13,1485.48338344
12,1471.88887216
11,1459.72257144
10,1447.40904056
9,1436.13790936
8,1410.69574464
7,1351.4813312
6,1234.06406536
5,1165.77123488
4,1135.81137376
3,1140.88473912
2,1156.6804956
1,1202.22954936
0,1264.31578392
