Time,Demand
0,1322.91415536
1,1264.65878056
2,1215.66466728
3,1188.77570168
4,1185.1076552
5,1218.4933124
6,1290.71616912
7,1420.20023488
8,1478.77381456
9,1479.33155104
10,1451.76517024
11,1439.1100304
12,1433.05717072
13,1430.4053652
14,1446.90395808
15,1461.95228368
16,1478.92086832
17,1535.76508344
18,1650.16450816
19,1639.8913188
20,1604.36485888
21,1562.3215272
22,1498.41092016
23,1416.5794272
