Time,Demand
0,1335.39271656
1,1240.13403808
2,1189.7258072
3,1172.26416552
4,1161.76854864
5,1168.543166
6,1190.53601408
7,1246.49524496
8,1304.9679132
9,1322.39356816
10,1319.40684904
11,1316.97307952
12,1308.7253844
13,1311.63257792
14,1324.59384344
15,1333.8788456
16,1362.25530392
17,1425.08906568
18,1542.38352744
19,1536.59349536
20,1512.64822352
21,1478.21968784
22,1424.7634408
23,1348.71767016
