Time,Demand
0,1288.49542528
1,1215.51484264
2,1167.10598984
3,1138.7203156
4,1132.43149096
5,1160.51943392
6,1232.70682136
7,1325.47921856
8,1374.5464852
9,1411.02804528
10,1440.02366872
11,1475.07464216
12,1509.6559212
13,1553.91047728
14,1601.07645544
15,1639.97631336
16,1671.91246152
17,1698.03923072
18,1753.22730912
19,1705.27080416
20,1642.74622512
21,1577.54048424
22,1499.49694272
23,1398.83077768
