Time,Demand
23,1307.3928588
22,1387.83998696
21,1446.23953824
20,1486.40679712
19,1520.28956632
18,1539.78550656
17,1445.67638488
16,1395.63806256
15,1362.89480096
14,1336.7612272
13,1310.68312256
12,1277.83776232
11,1260.24626336
10,1232.81212656
9,1192.71660928
8,1169.67139744
7,1146.34440984
6,1110.63277808
5,1081.18307304
4,1078.27928936
3,1095.556574
2,1126.3265944
1,1178.87450072
0,1233.889566
