Time,Demand
23,1422.97806784
22,1539.15558216
21,1621.0089084
20,1668.064398
19,1694.11421144
18,1694.8946056
17,1572.42550248
16,1497.03432088
15,1463.82592104
14,1455.26869936
13,1438.17308544
12,1440.63693256
11,1443.9082644
10,1452.59500064
9,1472.98145904
8,1483.64667976
7,1425.34661864
6,1286.19610616
5,1197.69313496
4,1167.27494184
3,1171.50210464
2,1198.62553104
1,1237.39603344
0,1304.61336376
