Time,Demand
23,1683.46428264
22,1863.15145576
21,2000.52019552
20,2114.53251296
19,2169.78901328
18,2190.70427744
17,2197.85001072
16,2152.7043804
15,2086.55199704
14,1995.47996368
13,1898.04387528
12,1820.62869296
11,1750.45405528
10,1679.868274
9,1622.32437248
8,1578.71986328
7,1502.82597976
6,1354.61135712
5,1285.22247896
4,1261.72646992
3,1269.18953
2,1300.679324
1,1365.2597952
0,1461.90107728
