Time,Demand
23,1451.00793712
22,1563.14629912
21,1641.05902744
20,1684.8959568
19,1708.69540408
18,1691.14866144
17,1532.81099832
16,1447.3531632
15,1428.39414648
14,1430.61321032
13,1421.30823744
12,1437.21306512
11,1457.88933024
10,1481.50037448
9,1506.71586016
8,1511.43154624
7,1438.4985524
6,1301.99260184
5,1215.11352704
4,1171.93822032
3,1167.79819856
2,1177.41213464
1,1219.72492096
0,1270.3443256
