Time,Demand
0,1273.13193896
1,1233.18696984
2,1199.93317696
3,1172.3402908
4,1161.20080216
5,1188.00404744
6,1255.52430416
7,1353.95670872
8,1428.30027032
9,1436.00495136
10,1434.7666368
11,1438.54492824
12,1462.01830656
13,1460.11357912
14,1473.71297528
15,1489.45794032
16,1479.62634008
17,1516.324474
18,1611.55495872
19,1591.51724704
20,1550.89499824
21,1512.40375608
22,1448.84152952
23,1365.93496984
