Time,Demand
23,1449.32594296
22,1563.42462864
21,1636.61653624
20,1677.3063944
19,1699.7977836
18,1690.60317552
17,1564.27221608
16,1488.0846988
15,1439.1294372
14,1427.5930648
13,1428.40745656
12,1444.3204776
11,1453.0979512
10,1478.74469904
9,1510.06067576
8,1533.05382832
7,1472.31151088
6,1329.60851856
5,1235.46114216
4,1198.69251264
3,1196.96063536
2,1224.00892992
1,1263.3901616
0,1344.54095664
