Time,Demand
0,1318.99219928
1,1246.1672048
2,1191.96486808
3,1159.23079664
4,1147.07254368
5,1167.22264232
6,1239.30866696
7,1367.8810432
8,1427.2094228
9,1433.46314048
10,1447.00730104
11,1458.2112888
12,1474.83808976
13,1491.94427592
14,1538.03277096
15,1588.43652016
16,1639.60538224
17,1678.64861248
18,1691.21577632
19,1715.7631232
20,1735.65848568
21,1671.26433376
22,1575.59403288
23,1444.79232408
