Time,Demand
23,1416.5794272
22,1498.41092016
21,1562.3215272
20,1604.36485888
19,1639.8913188
18,1650.16450816
17,1535.76508344
16,1478.92086832
15,1461.95228368
14,1446.90395808
13,1430.4053652
12,1433.05717072
11,1439.1100304
10,1451.76517024
9,1479.33155104
8,1478.77381456
7,1420.20023488
6,1290.71616912
5,1218.4933124
4,1185.1076552
3,1188.77570168
2,1215.66466728
1,1264.65878056
0,1322.91415536
