Time,Demand
0,1395.83257352
1,1309.23979704
2,1243.66881632
3,1202.70323096
4,1187.30315816
5,1204.0153524
6,1274.4908204
7,1400.65415504
8,1468.40100736
9,1478.3941452
10,1504.36400128
11,1533.05794992
12,1563.17274064
13,1603.57163792
14,1659.12095776
15,1726.69199416
16,1790.610752
17,1835.56614136
18,1822.07531744
19,1812.66951768
20,1767.87595376
21,1689.0919024
22,1600.13292152
23,1485.83253504
