Time,Demand
23,1433.69753184
22,1517.55145472
21,1576.23807096
20,1618.30163936
19,1652.35328888
18,1672.9447812
17,1559.59986056
16,1486.26304008
15,1485.82002408
14,1483.03724408
13,1464.48434048
12,1480.98357904
11,1484.73780672
10,1486.27598616
9,1506.66239192
8,1513.6512972
7,1455.35503904
6,1314.89653232
5,1236.04377736
4,1204.17815
3,1206.6848444
2,1232.79844464
1,1274.36327872
0,1336.82225152
