Time,Demand
23,1601.65261536
22,1763.45918896
21,1889.04399488
20,1992.07719256
19,2026.62913768
18,2028.83408112
17,2021.06966936
16,1971.0093452
15,1881.16608232
14,1792.76103384
13,1702.43232096
12,1635.47395424
11,1580.13505384
10,1533.44929864
9,1494.670842
8,1463.39225816
7,1379.59312232
6,1233.8747988
5,1153.8149924
4,1134.24443776
3,1140.82154424
2,1164.26923704
1,1200.27540192
0,1265.81078792
