Time,Demand
0,1289.40259168
1,1226.63574376
2,1189.85493928
3,1148.0027496
4,1144.17338336
5,1173.5922632
6,1263.17702112
7,1400.92725248
8,1459.1336004
9,1438.8940692
10,1416.35881464
11,1399.83461016
12,1394.58976048
13,1402.29712056
14,1433.26390816
15,1459.85919352
16,1495.3999956
17,1571.08163856
18,1695.34123864
19,1689.4760512
20,1656.87031664
21,1608.71493776
22,1528.24554904
23,1411.3584688
