Time,Demand
0,1349.45004208
1,1264.40976816
2,1214.50571088
3,1187.83979104
4,1182.60730504
5,1214.27867344
6,1294.33012016
7,1428.75231352
8,1501.33280976
9,1496.61730624
10,1469.75632104
11,1434.43851096
12,1411.77418816
13,1402.19318568
14,1393.90042064
15,1408.23588696
16,1457.43922912
17,1560.973722
18,1710.45222936
19,1729.71942136
20,1718.11909136
21,1680.07831824
22,1608.0386588
23,1495.10974032
