Time,Demand
0,1461.90107728
1,1365.2597952
2,1300.679324
3,1269.18953
4,1261.72646992
5,1285.22247896
6,1354.61135712
7,1502.82597976
8,1578.71986328
9,1622.32437248
10,1679.868274
11,1750.45405528
12,1820.62869296
13,1898.04387528
14,1995.47996368
15,2086.55199704
16,2152.7043804
17,2197.85001072
18,2190.70427744
19,2169.78901328
20,2114.53251296
21,2000.52019552
22,1863.15145576
23,1683.46428264
