Time,Demand
23,1348.64034592
22,1427.39783424
21,1488.83552328
20,1534.1830252
19,1552.91805144
18,1480.83670224
17,1449.25379816
16,1433.48539376
15,1425.58420424
14,1423.45186536
13,1404.87366096
12,1410.85248752
11,1411.135544
10,1422.07581992
9,1433.09723032
8,1432.65587472
7,1335.52341832
6,1201.1690908
5,1129.38707672
4,1103.86513496
3,1111.10089776
2,1140.06044544
1,1185.04261232
0,1250.54389432
