Time,Demand
0,1332.44331808
1,1247.24497464
2,1192.97631656
3,1154.4291528
4,1148.93922976
5,1167.57195408
6,1235.08596176
7,1350.07329016
8,1398.769204
9,1408.93768064
10,1415.7201464
11,1430.65781712
12,1448.65218288
13,1452.99025872
14,1484.82268088
15,1520.30367776
16,1565.38635848
17,1603.8029336
18,1626.1781844
19,1655.82912432
20,1680.20922384
21,1628.7748176
22,1547.18557672
23,1423.54873584
