Time,Demand
23,1358.98466704
22,1463.13619648
21,1543.30240232
20,1590.54065464
19,1631.951132
18,1641.30614144
17,1544.55981904
16,1507.42878776
15,1482.2757208
14,1462.1319188
13,1445.83133184
12,1438.2615996
11,1445.43343616
10,1448.61729768
9,1437.81731464
8,1420.73102864
7,1363.31243328
6,1240.13517936
5,1172.34307176
4,1146.13601928
3,1154.95668456
2,1170.86804184
1,1209.29407704
0,1270.34620216
