Time,Demand
23,1300.5994792
22,1378.81941512
21,1434.21527312
20,1467.71223368
19,1498.10730888
18,1505.18416944
17,1382.8172456
16,1315.7373264
15,1300.31635776
14,1296.39516384
13,1283.88665104
12,1283.03681128
11,1288.56338128
10,1278.0984944
9,1302.53839912
8,1264.13948416
7,1226.87313728
6,1186.37806616
5,1155.61706512
4,1146.0239308
3,1162.05051872
2,1194.45002712
1,1238.66773856
0,1277.42161288
