Time,Demand
0,1453.69995624
1,1343.67931208
2,1276.79985384
3,1231.4977668
4,1209.60692216
5,1224.33393264
6,1288.15573376
7,1420.79366352
8,1489.60559048
9,1515.0146676
10,1548.3599684
11,1587.97428888
12,1633.12538312
13,1681.99597496
14,1767.30443008
15,1842.85361232
16,1914.58321096
17,1955.6787292
18,1934.95926736
19,1919.57244584
20,1878.61770824
21,1787.27322144
22,1672.81909424
23,1522.527412
