Time,Demand
0,1231.7566632
1,1201.02008712
2,1192.22148472
3,1175.67587144
4,1174.78634504
5,1178.20894128
6,1273.32969624
7,1424.35195728
8,1494.1497928
9,1478.06691704
10,1457.64254272
11,1430.4425716
12,1411.30047184
13,1403.54905208
14,1411.99800224
15,1430.86598648
16,1462.08540408
17,1558.81256384
18,1716.3191976
19,1726.0225556
20,1700.55729592
21,1652.32287584
22,1560.3006552
23,1415.16778704
