Time,Demand
0,1359.15591616
1,1284.15572824
2,1231.18371264
3,1196.1047448
4,1180.2858844
5,1201.45625432
6,1275.24411504
7,1394.66072928
8,1445.48331536
9,1461.09247592
10,1477.69722744
11,1505.90194384
12,1540.9882208
13,1572.0310648
14,1633.97684576
15,1697.70591144
16,1772.1725756
17,1823.41671568
18,1849.07692928
19,1841.71818488
20,1871.73434056
21,1808.47277968
22,1701.87307752
23,1550.47771648
