Time,Demand
0,1215.65456152
1,1156.52340216
2,1117.32024992
3,1091.67909984
4,1092.19356176
5,1123.64717584
6,1206.42699688
7,1329.36234704
8,1409.98278008
9,1422.57930584
10,1410.98093864
11,1414.291046
12,1404.15713312
13,1400.57961456
14,1434.74652664
15,1445.70149808
16,1457.77861432
17,1519.78374184
18,1657.206306
19,1662.52238152
20,1635.796316
21,1587.98562272
22,1505.17246376
23,1394.02127312
