Time,Demand
0,1329.73092784
1,1251.86657512
2,1190.55670776
3,1147.92885984
4,1121.82551768
5,1112.88740136
6,1121.75960344
7,1150.3385768
8,1156.25587896
9,1177.2988388
10,1197.79799552
11,1212.91265144
12,1228.37075256
13,1238.45636936
14,1275.96891408
15,1325.48554992
16,1384.285994
17,1443.83178912
18,1501.76035912
19,1550.46954328
20,1591.27971968
21,1548.31936336
22,1471.5499008
23,1363.74422072
