Time,Demand
23,1552.18806848
22,1676.31699368
21,1777.88326912
20,1849.80848024
19,1839.73496672
18,1883.29680784
17,1891.85538584
16,1849.04183688
15,1788.45215752
14,1715.02165016
13,1647.53210888
12,1604.330434
11,1563.89823296
10,1535.955344
9,1502.19683992
8,1474.32882464
7,1420.67210712
6,1299.5325392
5,1230.73122424
4,1213.55630872
3,1234.7422752
2,1280.8186916
1,1349.38954584
0,1443.84422728
