Time,Demand
23,1522.527412
22,1672.81909424
21,1787.27322144
20,1878.61770824
19,1919.57244584
18,1934.95926736
17,1955.6787292
16,1914.58321096
15,1842.85361232
14,1767.30443008
13,1681.99597496
12,1633.12538312
11,1587.97428888
10,1548.3599684
9,1515.0146676
8,1489.60559048
7,1420.79366352
6,1288.15573376
5,1224.33393264
4,1209.60692216
3,1231.4977668
2,1276.79985384
1,1343.67931208
0,1453.69995624
