Time,Demand
23,1377.15224976
22,1491.55911576
21,1584.00230744
20,1651.83025504
19,1644.0286688
18,1611.0432968
17,1567.73145368
16,1489.91435544
15,1407.11951352
14,1326.42316912
13,1267.84396928
12,1238.271118
11,1214.35293784
10,1183.86960552
9,1158.94078496
8,1138.48327488
7,1130.76024208
6,1098.53359112
5,1082.71089976
4,1088.9711196
3,1115.88842736
2,1152.93559752
1,1209.78609024
0,1278.48796656
