Time,Demand
0,1336.67601032
1,1267.03929408
2,1227.90913448
3,1205.70014264
4,1203.5405452
5,1241.02094928
6,1334.79103296
7,1478.6824276
8,1543.9459756
9,1509.00320424
10,1462.62981536
11,1431.25802904
12,1407.73017
13,1395.24486472
14,1413.71254024
15,1438.97915896
16,1481.40355496
17,1568.01125544
18,1715.02664984
19,1721.02766696
20,1696.61150512
21,1658.41783072
22,1574.23347424
23,1449.56470904
