Time,Demand
23,1374.03804888
22,1454.7919176
21,1501.45438744
20,1533.14748216
19,1557.69297656
18,1549.68387896
17,1402.47851968
16,1309.50180704
15,1279.39447552
14,1255.4244332
13,1257.72560872
12,1285.70399048
11,1325.92552904
10,1339.83309376
9,1346.52837984
8,1318.05477216
7,1275.7074232
6,1206.99502896
5,1163.91380168
4,1165.21214432
3,1170.34070608
2,1180.61107584
1,1239.71150856
0,1325.32408288
