Time,Demand
23,1451.78978672
22,1571.62722192
21,1647.77971848
20,1695.98412256
19,1684.92396856
18,1619.73249592
17,1598.5401432
16,1589.95559408
15,1577.10894096
14,1559.00364928
13,1541.89361424
12,1530.24573352
11,1523.66070136
10,1510.71812976
9,1493.55460632
8,1479.9507968
7,1410.07435352
6,1274.16836792
5,1213.57969264
4,1190.701456
3,1201.53403104
2,1224.64776952
1,1280.92370728
0,1369.56399104
