Time,Demand
0,1316.64050224
1,1242.97759936
2,1194.70120336
3,1159.12717312
4,1139.86062008
5,1146.61865136
6,1173.71848888
7,1201.02398976
8,1219.00000544
9,1241.24851984
10,1251.54289848
11,1225.29283968
12,1207.27403888
13,1207.509408
14,1232.24592904
15,1266.81847096
16,1310.8736704
17,1357.86152488
18,1405.28036376
19,1455.6978268
20,1522.48334336
21,1504.44758968
22,1447.40242248
23,1367.31243768
