Time,Demand
0,1318.02743856
1,1243.5834404
2,1188.06339792
3,1151.5151732
4,1133.18771272
5,1131.88965848
6,1157.82605064
7,1209.41593976
8,1231.48997552
9,1257.80606672
10,1274.66767176
11,1278.017258
12,1276.39794128
13,1276.54915976
14,1305.12027968
15,1351.15475264
16,1407.55902784
17,1469.19281992
18,1513.395408
19,1561.08482712
20,1580.12597848
21,1529.35661088
22,1457.56128728
23,1370.48944928
