Time,Demand
0,1337.25933264
1,1252.11492112
2,1220.39860768
3,1208.30198328
4,1208.21058064
5,1233.5428504
6,1328.05371216
7,1475.01885104
8,1535.87756056
9,1499.22674048
10,1462.32977296
11,1435.32535272
12,1450.1472608
13,1447.66619816
14,1471.71186512
15,1483.47442488
16,1511.36179768
17,1580.42203144
18,1708.47367152
19,1710.80027944
20,1684.74169024
21,1642.78777488
22,1570.49893112
23,1447.01161696
