Time,Demand
23,1445.45717736
22,1559.31182456
21,1643.677518
20,1692.3771564
19,1721.56770968
18,1717.9886668
17,1583.27636432
16,1515.28714288
15,1508.46251528
14,1495.54128136
13,1475.43998
12,1469.55713408
11,1476.11707264
10,1482.027106
9,1499.56786504
8,1502.85300032
7,1432.98128232
6,1282.39889792
5,1187.38024384
4,1156.8898852
3,1153.18870128
2,1169.80114272
1,1209.9718036
0,1272.46860496
