Time,Demand
0,1255.79913928
1,1197.29838312
2,1160.30302024
3,1132.36293128
4,1120.94952816
5,1150.04655976
6,1138.92453528
7,1170.88167336
8,1226.44766552
9,1242.36352072
10,1232.85130696
11,1220.90774512
12,1204.79097536
13,1208.90238896
14,1225.47583872
15,1252.58940744
16,1288.87600688
17,1373.1671072
18,1544.44674384
19,1563.69165344
20,1546.85707232
21,1504.96788512
22,1430.62308704
23,1325.89685704
