Time,Demand
23,1366.92198608
22,1482.47401176
21,1566.76922864
20,1625.55671992
19,1620.12720856
18,1555.3279924
17,1488.3685936
16,1406.27944408
15,1327.63978648
14,1259.93418992
13,1216.3339916
12,1202.95927752
11,1192.47618672
10,1183.86380504
9,1168.65618352
8,1147.52167488
7,1132.52013056
6,1102.36185248
5,1083.91687824
4,1084.1500488
3,1101.90080784
2,1132.11440832
1,1181.23840296
0,1250.80369288
