Time,Demand
23,1433.14694656
22,1529.31622872
21,1589.74992232
20,1625.9141808
19,1657.62010456
18,1669.86929256
17,1553.50041616
16,1481.33553064
15,1462.66958544
14,1447.592916
13,1431.37696296
12,1437.70707136
11,1452.27918416
10,1474.62268016
9,1485.02020184
8,1509.8303304
7,1448.07134528
6,1303.98170112
5,1217.01288408
4,1197.14792624
3,1202.56096856
2,1209.54052856
1,1252.79878472
0,1325.28408936
