Time,Demand
0,1316.657734
1,1242.03944648
2,1188.569466
3,1159.84564416
4,1145.81740504
5,1169.84925792
6,1237.48289784
7,1365.94090416
8,1416.57970272
9,1424.61372648
10,1431.355058
11,1442.72820048
12,1458.37259792
13,1482.15002936
14,1531.29388048
15,1579.85185848
16,1629.12203552
17,1670.45489632
18,1692.87514648
19,1705.68606376
20,1738.58761384
21,1684.75059984
22,1587.7801268
23,1458.67513008
