Time,Demand
23,1326.19707808
22,1413.97633384
21,1486.50768168
20,1532.19206896
19,1525.02835352
18,1434.81850232
17,1374.091348
16,1319.50041384
15,1268.25018992
14,1229.64031848
13,1199.91084528
12,1191.5413888
11,1195.29282768
10,1192.31097272
9,1172.10789808
8,1149.70392656
7,1122.67340752
6,1099.5199992
5,1093.16464208
4,1097.819646
3,1121.76194928
2,1156.59478648
1,1210.5086588
0,1279.28674328
