Time,Demand
0,1304.61336376
1,1237.39603344
2,1198.62553104
3,1171.50210464
4,1167.27494184
5,1197.69313496
6,1286.19610616
7,1425.34661864
8,1483.64667976
9,1472.98145904
10,1452.59500064
11,1443.9082644
12,1440.63693256
13,1438.17308544
14,1455.26869936
15,1463.82592104
16,1497.03432088
17,1572.42550248
18,1694.8946056
19,1694.11421144
20,1668.064398
21,1621.0089084
22,1539.15558216
23,1422.97806784
