Time,Demand
0,1165.1292436
1,1112.46917264
2,1077.49085024
3,1061.03371696
4,1067.85426048
5,1107.1660824
6,1192.54231152
7,1324.42887416
8,1385.97130728
9,1394.29102736
10,1421.16441544
11,1418.88412008
12,1406.9682312
13,1424.92526848
14,1452.73545088
15,1471.84632112
16,1494.47119976
17,1541.42066624
18,1647.03469672
19,1636.08643184
20,1598.95175216
21,1537.69050568
22,1454.554248
23,1338.47735896
