Time,Demand
23,1458.67513008
22,1587.7801268
21,1684.75059984
20,1738.58761384
19,1705.68606376
18,1692.87514648
17,1670.45489632
16,1629.12203552
15,1579.85185848
14,1531.29388048
13,1482.15002936
12,1458.37259792
11,1442.72820048
10,1431.355058
9,1424.61372648
8,1416.57970272
7,1365.94090416
6,1237.48289784
5,1169.84925792
4,1145.81740504
3,1159.84564416
2,1188.569466
1,1242.03944648
0,1316.657734
