Time,Demand
0,1265.81078792
1,1200.27540192
2,1164.26923704
3,1140.82154424
4,1134.24443776
5,1153.8149924
6,1233.8747988
7,1379.59312232
8,1463.39225816
9,1494.670842
10,1533.44929864
11,1580.13505384
12,1635.47395424
13,1702.43232096
14,1792.76103384
15,1881.16608232
16,1971.0093452
17,2021.06966936
18,2028.83408112
19,2026.62913768
20,1992.07719256
21,1889.04399488
22,1763.45918896
23,1601.65261536
