Time,Demand
23,1333.62949888
22,1417.33480112
21,1481.64472288
20,1530.62867272
19,1580.48640064
18,1595.042862
17,1490.7365256
16,1448.28436704
15,1425.74780152
14,1404.55565992
13,1395.1718676
12,1397.23233552
11,1400.83754384
10,1404.7618452
9,1397.34703584
8,1355.22446584
7,1299.56891624
6,1210.98399408
5,1137.9174996
4,1111.7550696
3,1124.02908968
2,1149.30245304
1,1195.23355504
0,1261.67967968
