Time,Demand
23,1481.72284624
22,1624.35865592
21,1729.06995016
20,1785.20683992
19,1748.09075
18,1743.75858104
17,1718.6864352
16,1665.69731104
15,1612.22133576
14,1568.8287552
13,1522.81820656
12,1497.4517012
11,1476.39086952
10,1454.03099128
9,1438.54526872
8,1418.16729488
7,1362.2717864
6,1240.79382
5,1162.36904784
4,1130.91735176
3,1134.04201232
2,1161.46742488
1,1190.6121836
0,1246.9831724
