Time,Demand
0,1294.52213464
1,1230.27561496
2,1180.41898128
3,1142.034488
4,1120.19457032
5,1117.17477312
6,1136.93010536
7,1161.5913064
8,1190.41854848
9,1232.15434048
10,1283.6876248
11,1343.4128792
12,1397.20047712
13,1447.8019976
14,1499.810788
15,1513.87934376
16,1517.33937152
17,1504.71400296
18,1514.10695296
19,1452.71725872
20,1403.16608992
21,1369.11970496
22,1325.58623064
23,1285.99880696
