Time,Demand
23,1434.783518
22,1548.93782288
21,1628.87627168
20,1671.48703848
19,1696.78953752
18,1699.0824396
17,1575.84914704
16,1489.59732152
15,1469.3037296
14,1454.15893896
13,1438.94902368
12,1452.66784376
11,1462.21702648
10,1465.83272528
9,1501.41009704
8,1532.3316708
7,1476.34593512
6,1329.0737628
5,1250.78134552
4,1216.07782072
3,1218.7617092
2,1231.44112224
1,1271.83674688
0,1337.95733288
