Time,Demand
23,1348.43900744
22,1455.97252304
21,1534.49924264
20,1585.51228976
19,1629.90728712
18,1642.36795576
17,1539.34179672
16,1483.27569488
15,1491.10622192
14,1479.07380208
13,1449.15335208
12,1437.67908144
11,1431.4692924
10,1434.86369376
9,1406.21951568
8,1379.97051192
7,1315.0648056
6,1200.80397472
5,1128.3059956
4,1096.94875808
3,1098.2188868
2,1117.89944448
1,1156.29880296
0,1195.68583456
