Time,Demand
23,1464.2229028
22,1575.94000592
21,1655.43224392
20,1694.18192328
19,1705.99632952
18,1683.5729344
17,1561.7942312
16,1487.16356376
15,1447.62079672
14,1427.54131072
13,1411.43039912
12,1419.07026912
11,1457.20699376
10,1485.3541724
9,1531.29662952
8,1544.13630112
7,1473.72052576
6,1328.69556848
5,1237.34671928
4,1200.18930864
3,1199.17945504
2,1222.38280696
1,1264.91523088
0,1342.539142
