Time,Demand
0,1370.87422472
1,1285.50212448
2,1232.13753824
3,1203.1709144
4,1188.32637896
5,1207.8521196
6,1271.57291184
7,1406.08333656
8,1477.12910352
9,1493.52886368
10,1523.29258088
11,1561.01071784
12,1598.22901112
13,1645.26256104
14,1713.03423536
15,1758.33833336
16,1802.48818512
17,1825.21587472
18,1816.66149224
19,1820.38511704
20,1805.43548024
21,1733.70658272
22,1629.15739392
23,1487.43681632
