Time,Demand
0,1356.021772
1,1274.5815264
2,1219.62388408
3,1188.29556048
4,1179.90956496
5,1207.58761424
6,1278.58759
7,1406.6555664
8,1474.9680484
9,1492.27964256
10,1490.64661032
11,1479.95680448
12,1469.20400424
13,1455.0743424
14,1469.58275744
15,1481.19878872
16,1505.5185292
17,1534.83586032
18,1555.96613536
19,1601.8152052
20,1663.29759904
21,1619.3947056
22,1533.35821912
23,1413.09144872
