Time,Demand
0,1272.46860496
1,1209.9718036
2,1169.80114272
3,1153.18870128
4,1156.8898852
5,1187.38024384
6,1282.39889792
7,1432.98128232
8,1502.85300032
9,1499.56786504
10,1482.027106
11,1476.11707264
12,1469.55713408
13,1475.43998
14,1495.54128136
15,1508.46251528
16,1515.28714288
17,1583.27636432
18,1717.9886668
19,1721.56770968
20,1692.3771564
21,1643.677518
22,1559.31182456
23,1445.45717736
