Time,Demand
0,1343.42857824
1,1266.97160184
2,1213.05961336
3,1180.46667144
4,1161.72453096
5,1183.83824888
6,1256.102638
7,1378.51924336
8,1433.52689088
9,1459.58716456
10,1469.34065208
11,1490.15412896
12,1506.99335584
13,1531.79816608
14,1595.75070144
15,1669.16894536
16,1737.996806
17,1792.89620664
18,1812.59793736
19,1792.68767496
20,1789.25651688
21,1715.91473144
22,1617.28119616
23,1501.90881008
