Time,Demand
23,1358.53347728
22,1464.69700776
21,1535.91512032
20,1570.04277752
19,1583.96943824
18,1566.94174056
17,1415.24628224
16,1320.13883008
15,1285.77101744
14,1268.08539368
13,1252.98725888
12,1245.54595424
11,1251.62167368
10,1263.36852432
9,1253.57648976
8,1256.2878664
7,1242.06096896
6,1176.81077864
5,1150.43811344
4,1147.61511312
3,1159.69235312
2,1187.62452312
1,1239.21471072
0,1291.7535596
