Time,Demand
0,1315.22508824
1,1242.38710568
2,1191.65424112
3,1160.80141296
4,1152.40264048
5,1177.19370328
6,1244.78817512
7,1369.660768
8,1436.70777656
9,1451.94303688
10,1458.51399008
11,1454.7552852
12,1449.44002336
13,1441.8212424
14,1467.87431952
15,1496.38123152
16,1528.812376
17,1557.28197408
18,1578.50060368
19,1612.974454
20,1631.19880784
21,1582.05421472
22,1515.23107456
23,1419.19977752
