Time,Demand
23,1446.63776992
22,1563.13625944
21,1646.18578992
20,1686.60342816
19,1717.03242032
18,1712.89629168
17,1574.95357712
16,1499.6227876
15,1481.3166704
14,1460.84444856
13,1440.91175816
12,1457.4381108
11,1480.18206784
10,1497.20428424
9,1516.86910088
8,1544.91131648
7,1483.04132704
6,1334.460722
5,1244.94970712
4,1220.71761448
3,1219.62074472
2,1232.51204048
1,1269.85450872
0,1335.10732544
