Time,Demand
23,1398.83077768
22,1499.49694272
21,1577.54048424
20,1642.74622512
19,1705.27080416
18,1753.22730912
17,1698.03923072
16,1671.91246152
15,1639.97631336
14,1601.07645544
13,1553.91047728
12,1509.6559212
11,1475.07464216
10,1440.02366872
9,1411.02804528
8,1374.5464852
7,1325.47921856
6,1232.70682136
5,1160.51943392
4,1132.43149096
3,1138.7203156
2,1167.10598984
1,1215.51484264
0,1288.49542528
