Time,Demand
23,1423.54873584
22,1547.18557672
21,1628.7748176
20,1680.20922384
19,1655.82912432
18,1626.1781844
17,1603.8029336
16,1565.38635848
15,1520.30367776
14,1484.82268088
13,1452.99025872
12,1448.65218288
11,1430.65781712
10,1415.7201464
9,1408.93768064
8,1398.769204
7,1350.07329016
6,1235.08596176
5,1167.57195408
4,1148.93922976
3,1154.4291528
2,1192.97631656
1,1247.24497464
0,1332.44331808
