Time,Demand
23,1412.6145012
22,1527.26274456
21,1606.70443304
20,1649.61837992
19,1672.38891456
18,1673.21571648
17,1552.08378528
16,1483.25457336
15,1454.64727632
14,1441.86794416
13,1421.0511728
12,1420.7665864
11,1431.08186032
10,1446.18821424
9,1478.91036888
8,1500.63318048
7,1436.5186724
6,1297.033374
5,1205.78378648
4,1167.58564272
3,1169.44818424
2,1194.81921328
1,1239.0314972
0,1316.1715364
