Time,Demand
0,1161.21781384
1,1107.34936704
2,1076.29756024
3,1064.36381744
4,1065.39098176
5,1109.7288384
6,1202.3667824
7,1332.58574064
8,1392.78826848
9,1393.62553736
10,1366.8257848
11,1366.73306224
12,1391.77480512
13,1392.48615016
14,1410.83348056
15,1427.24904784
16,1469.33386824
17,1519.32376512
18,1624.33844328
19,1631.4705008
20,1594.82120672
21,1535.37162744
22,1447.37619992
23,1331.63452128
