Time,Demand
23,1282.75001456
22,1368.3958904
21,1428.19198928
20,1471.17374264
19,1497.0666536
18,1494.90963048
17,1354.768464
16,1261.77601368
15,1241.20256232
14,1225.23334472
13,1196.53047584
12,1209.46203952
11,1197.34602176
10,1205.8611292
9,1219.5523004
8,1174.4021828
7,1156.45310144
6,1131.98240624
5,1105.1332264
4,1101.41926944
3,1117.58252648
2,1143.32526112
1,1185.93532568
0,1227.42884712
