Time,Demand
0,1264.01000432
1,1192.43072368
2,1152.99585968
3,1131.81065312
4,1122.37095096
5,1153.4290376
6,1227.49583992
7,1366.87610584
8,1466.98944
9,1474.71544584
10,1484.67535664
11,1480.08303296
12,1462.84672856
13,1452.57468104
14,1455.20296376
15,1448.92481552
16,1448.27275488
17,1457.93400984
18,1498.01954512
19,1587.67745528
20,1583.75782432
21,1538.86079256
22,1458.99109272
23,1351.3929744
