Time,Demand
0,1432.110988
1,1340.13243672
2,1272.34261616
3,1222.80399136
4,1198.53811056
5,1198.57004344
6,1223.35654952
7,1263.93696128
8,1286.4367544
9,1319.42558272
10,1337.12341224
11,1355.81288248
12,1372.03204824
13,1395.05888984
14,1435.4318496
15,1491.08678432
16,1556.23618864
17,1608.72582752
18,1634.4530916
19,1639.32936496
20,1666.21968128
21,1614.70138816
22,1540.27327328
23,1445.99071736
