Time,Demand
0,1212.5905568
1,1157.41381336
2,1129.70697672
3,1101.00855368
4,1088.20125792
5,1103.66322136
6,1129.8803656
7,1177.49925496
8,1177.73524064
9,1211.56221424
10,1267.1504496
11,1282.83306816
12,1304.19889488
13,1350.6273508
14,1385.12916136
15,1411.90787808
16,1450.33102088
17,1490.85483344
18,1570.98805976
19,1542.2112804
20,1498.37848328
21,1457.20126496
22,1396.34916624
23,1312.60547432
