Time,Demand
0,1278.48796656
1,1209.78609024
2,1152.93559752
3,1115.88842736
4,1088.9711196
5,1082.71089976
6,1098.53359112
7,1130.76024208
8,1138.48327488
9,1158.94078496
10,1183.86960552
11,1214.35293784
12,1238.271118
13,1267.84396928
14,1326.42316912
15,1407.11951352
16,1489.91435544
17,1567.73145368
18,1611.0432968
19,1644.0286688
20,1651.83025504
21,1584.00230744
22,1491.55911576
23,1377.15224976
