Time,Demand
0,1419.7820392
1,1332.902774
2,1274.6260884
3,1230.74611296
4,1214.5858368
5,1236.07151584
6,1307.83788856
7,1418.92520056
8,1471.3855744
9,1497.61668728
10,1521.9420076
11,1555.30578224
12,1592.63363616
13,1632.20617168
14,1706.9069948
15,1788.68522056
16,1862.2735012
17,1923.93556096
18,1939.56245672
19,1915.0440652
20,1928.9291812
21,1852.53442024
22,1723.86118744
23,1571.9892748
