Time,Demand
23,1487.43681632
22,1629.15739392
21,1733.70658272
20,1805.43548024
19,1820.38511704
18,1816.66149224
17,1825.21587472
16,1802.48818512
15,1758.33833336
14,1713.03423536
13,1645.26256104
12,1598.22901112
11,1561.01071784
10,1523.29258088
9,1493.52886368
8,1477.12910352
7,1406.08333656
6,1271.57291184
5,1207.8521196
4,1188.32637896
3,1203.1709144
2,1232.13753824
1,1285.50212448
0,1370.87422472
