Time,Demand
23,1465.80438592
22,1585.8386012
21,1678.211192
20,1732.6150548
19,1686.21027848
18,1659.4206412
17,1640.13376072
16,1600.75147064
15,1571.17346064
14,1543.2356884
13,1518.53397584
12,1501.96093656
11,1496.28325896
10,1480.81083472
9,1470.09671368
8,1445.605672
7,1379.19667648
6,1255.85108992
5,1174.42574144
4,1146.13849336
3,1147.00264448
2,1172.79322272
1,1219.44286632
0,1283.04342544
