Time,Demand
0,1344.02045344
1,1265.5354292
2,1208.5186932
3,1176.86256912
4,1163.9673388
5,1186.58589336
6,1262.744448
7,1395.77270392
8,1469.45368416
9,1489.13733472
10,1499.99070256
11,1503.41059568
12,1491.21146216
13,1468.08899496
14,1462.20269664
15,1448.92429304
16,1446.3500352
17,1467.32584096
18,1494.35347376
19,1565.13159432
20,1582.66859576
21,1541.94759992
22,1485.38982928
23,1388.0537412
