Time,Demand
23,1312.60547432
22,1396.34916624
21,1457.20126496
20,1498.37848328
19,1542.2112804
18,1570.98805976
17,1490.85483344
16,1450.33102088
15,1411.90787808
14,1385.12916136
13,1350.6273508
12,1304.19889488
11,1282.83306816
10,1267.1504496
9,1211.56221424
8,1177.73524064
7,1177.49925496
6,1129.8803656
5,1103.66322136
4,1088.20125792
3,1101.00855368
2,1129.70697672
1,1157.41381336
0,1212.5905568
