Time,Demand
23,1578.56109992
22,1727.36058264
21,1852.32567072
20,1933.9484556
19,1933.2728016
18,1964.27769384
17,1957.03253536
16,1894.2152432
15,1806.3120628
14,1715.62273568
13,1619.5993408
12,1571.15189336
11,1529.86476272
10,1478.25022016
9,1451.571408
8,1425.99261224
7,1381.73388136
6,1281.646786
5,1226.3421772
4,1215.40762504
3,1242.61197928
2,1285.13041776
1,1342.13490712
0,1439.98989904
