Time,Demand
0,1250.54389432
1,1185.04261232
2,1140.06044544
3,1111.10089776
4,1103.86513496
5,1129.38707672
6,1201.1690908
7,1335.52341832
8,1432.65587472
9,1433.09723032
10,1422.07581992
11,1411.135544
12,1410.85248752
13,1404.87366096
14,1423.45186536
15,1425.58420424
16,1433.48539376
17,1449.25379816
18,1480.83670224
19,1552.91805144
20,1534.1830252
21,1488.83552328
22,1427.39783424
23,1348.64034592
