Time,Demand
23,1495.48586152
22,1642.42233176
21,1760.69245296
20,1855.75110672
19,1876.4419576
18,1879.96963168
17,1869.18482072
16,1826.47090136
15,1769.61714664
14,1701.18016432
13,1631.3810772
12,1583.73266912
11,1545.19094296
10,1494.522092
9,1446.4135392
8,1427.1175016
7,1358.3699584
6,1233.67391448
5,1156.7511984
4,1124.69799568
3,1129.55573864
2,1151.42449016
1,1199.41330376
0,1271.31870936
