Time,Demand
23,1339.05853424
22,1418.18664232
21,1475.12382808
20,1510.57131176
19,1489.042702
18,1409.00458328
17,1350.37268632
16,1295.0086156
15,1254.27020208
14,1226.76818712
13,1231.50704544
12,1239.71657096
11,1256.74906448
10,1254.28573088
9,1251.61354248
8,1227.52237608
7,1205.00981888
6,1152.42811432
5,1121.12800632
4,1117.90859544
3,1136.7949208
2,1165.200918
1,1213.90310944
0,1286.9515344
