Time,Demand
23,1485.83253504
22,1600.13292152
21,1689.0919024
20,1767.87595376
19,1812.66951768
18,1822.07531744
17,1835.56614136
16,1790.610752
15,1726.69199416
14,1659.12095776
13,1603.57163792
12,1563.17274064
11,1533.05794992
10,1504.36400128
9,1478.3941452
8,1468.40100736
7,1400.65415504
6,1274.4908204
5,1204.0153524
4,1187.30315816
3,1202.70323096
2,1243.66881632
1,1309.23979704
0,1395.83257352
