Time,Demand
0,1344.54095664
1,1263.3901616
2,1224.00892992
3,1196.96063536
4,1198.69251264
5,1235.46114216
6,1329.60851856
7,1472.31151088
8,1533.05382832
9,1510.06067576
10,1478.74469904
11,1453.0979512
12,1444.3204776
13,1428.40745656
14,1427.5930648
15,1439.1294372
16,1488.0846988
17,1564.27221608
18,1690.60317552
19,1699.7977836
20,1677.3063944
21,1636.61653624
22,1563.42462864
23,1449.32594296
