Time,Demand
0,1279.28674328
1,1210.5086588
2,1156.59478648
3,1121.76194928
4,1097.819646
5,1093.16464208
6,1099.5199992
7,1122.67340752
8,1149.70392656
9,1172.10789808
10,1192.31097272
11,1195.29282768
12,1191.5413888
13,1199.91084528
14,1229.64031848
15,1268.25018992
16,1319.50041384
17,1374.091348
18,1434.81850232
19,1525.02835352
20,1532.19206896
21,1486.50768168
22,1413.97633384
23,1326.19707808
