Time,Demand
0,1308.34865168
1,1237.17820688
2,1189.76638424
3,1160.32890344
4,1149.76337168
5,1170.56945824
6,1245.93983696
7,1373.45259184
8,1430.71968312
9,1441.74988888
10,1441.27181856
11,1441.71978496
12,1441.41045104
13,1442.43091272
14,1478.60778688
15,1520.33254576
16,1564.13971448
17,1606.24292304
18,1635.555348
19,1659.43234968
20,1705.056612
21,1646.6335844
22,1556.01055232
23,1426.7995728
