Time,Demand
0,1336.82225152
1,1274.36327872
2,1232.79844464
3,1206.6848444
4,1204.17815
5,1236.04377736
6,1314.89653232
7,1455.35503904
8,1513.6512972
9,1506.66239192
10,1486.27598616
11,1484.73780672
12,1480.98357904
13,1464.48434048
14,1483.03724408
15,1485.82002408
16,1486.26304008
17,1559.59986056
18,1672.9447812
19,1652.35328888
20,1618.30163936
21,1576.23807096
22,1517.55145472
23,1433.69753184
