Time,Demand
0,1369.56399104
1,1280.92370728
2,1224.64776952
3,1201.53403104
4,1190.701456
5,1213.57969264
6,1274.16836792
7,1410.07435352
8,1479.9507968
9,1493.55460632
10,1510.71812976
11,1523.66070136
12,1530.24573352
13,1541.89361424
14,1559.00364928
15,1577.10894096
16,1589.95559408
17,1598.5401432
18,1619.73249592
19,1684.92396856
20,1695.98412256
21,1647.77971848
22,1571.62722192
23,1451.78978672
