Time,Demand
0,1270.3443256
1,1219.72492096
2,1177.41213464
3,1167.79819856
4,1171.93822032
5,1215.11352704
6,1301.99260184
7,1438.4985524
8,1511.43154624
9,1506.71586016
10,1481.50037448
11,1457.88933024
12,1437.21306512
13,1421.30823744
14,1430.61321032
15,1428.39414648
16,1447.3531632
17,1532.81099832
18,1691.14866144
19,1708.69540408
20,1684.8959568
21,1641.05902744
22,1563.14629912
23,1451.00793712
