Time,Demand
23,1597.48318128
22,1764.77272944
21,1898.27836128
20,2015.83395384
19,2078.34417448
18,2111.07161888
17,2140.89985592
16,2103.23509648
15,2030.26013064
14,1945.63357184
13,1840.64414352
12,1762.2205832
11,1688.5228136
10,1624.65833656
9,1577.90022376
8,1551.3538264
7,1482.6454664
6,1350.44146328
5,1292.9319312
4,1282.20154216
3,1310.22042312
2,1351.60946648
1,1427.38908088
0,1537.99926896
