Time,Demand
0,1242.04565352
1,1183.5711748
2,1143.93400576
3,1121.675828
4,1120.14213192
5,1150.09784848
6,1234.22666248
7,1358.1593928
8,1406.97517632
9,1415.3928236
10,1431.91979672
11,1457.16796904
12,1506.06664656
13,1522.87867928
14,1538.8709924
15,1531.95560336
16,1540.06395816
17,1575.44622536
18,1674.6490684
19,1666.028322
20,1626.48401888
21,1569.19545944
22,1483.29370784
23,1371.33492552
