Time,Demand
0,1239.78935752
1,1169.65900632
2,1123.19139968
3,1093.02614344
4,1075.95494552
5,1082.0807704
6,1113.18664968
7,1154.47826984
8,1181.37265792
9,1206.21914
10,1217.87099784
11,1212.80989312
12,1203.2454196
13,1205.4312956
14,1217.17994888
15,1239.69817552
16,1289.18839336
17,1357.00072704
18,1472.98776352
19,1473.88173128
20,1440.59909896
21,1404.27923384
22,1353.69040576
23,1274.9906064
