Time,Demand
23,1363.74422072
22,1471.5499008
21,1548.31936336
20,1591.27971968
19,1550.46954328
18,1501.76035912
17,1443.83178912
16,1384.285994
15,1325.48554992
14,1275.96891408
13,1238.45636936
12,1228.37075256
11,1212.91265144
10,1197.79799552
9,1177.2988388
8,1156.25587896
7,1150.3385768
6,1121.75960344
5,1112.88740136
4,1121.82551768
3,1147.92885984
2,1190.55670776
1,1251.86657512
0,1329.73092784
