Time,Demand
23,1445.99071736
22,1540.27327328
21,1614.70138816
20,1666.21968128
19,1639.32936496
18,1634.4530916
17,1608.72582752
16,1556.23618864
15,1491.08678432
14,1435.4318496
13,1395.05888984
12,1372.03204824
11,1355.81288248
10,1337.12341224
9,1319.42558272
8,1286.4367544
7,1263.93696128
6,1223.35654952
5,1198.57004344
4,1198.53811056
3,1222.80399136
2,1272.34261616
1,1340.13243672
0,1432.110988
