Time,Demand
0,1233.889566
1,1178.87450072
2,1126.3265944
3,1095.556574
4,1078.27928936
5,1081.18307304
6,1110.63277808
7,1146.34440984
8,1169.67139744
9,1192.71660928
10,1232.81212656
11,1260.24626336
12,1277.83776232
13,1310.68312256
14,1336.7612272
15,1362.89480096
16,1395.63806256
17,1445.67638488
18,1539.78550656
19,1520.28956632
20,1486.40679712
21,1446.23953824
22,1387.83998696
23,1307.3928588
