Time,Demand
23,1274.9906064
22,1353.69040576
21,1404.27923384
20,1440.59909896
19,1473.88173128
18,1472.98776352
17,1357.00072704
16,1289.18839336
15,1239.69817552
14,1217.17994888
13,1205.4312956
12,1203.2454196
11,1212.80989312
10,1217.87099784
9,1206.21914
8,1181.37265792
7,1154.47826984
6,1113.18664968
5,1082.0807704
4,1075.95494552
3,1093.02614344
2,1123.19139968
1,1169.65900632
0,1239.78935752
