Time,Demand
23,1571.9892748
22,1723.86118744
21,1852.53442024
20,1928.9291812
19,1915.0440652
18,1939.56245672
17,1923.93556096
16,1862.2735012
15,1788.68522056
14,1706.9069948
13,1632.20617168
12,1592.63363616
11,1555.30578224
10,1521.9420076
9,1497.61668728
8,1471.3855744
7,1418.92520056
6,1307.83788856
5,1236.07151584
4,1214.5858368
3,1230.74611296
2,1274.6260884
1,1332.902774
0,1419.7820392
