Time,Demand
23,1449.971404
22,1572.77872024
21,1652.74240544
20,1695.22650528
19,1717.4158652
18,1699.2977512
17,1544.14467704
16,1459.11734696
15,1418.92156112
14,1394.02170488
13,1374.87858368
12,1385.1095636
11,1415.19189056
10,1439.246354
9,1470.78858696
8,1509.7210856
7,1451.96235072
6,1310.68103768
5,1221.27783456
4,1191.0457468
3,1195.26389976
2,1207.81077704
1,1246.64724352
0,1303.74056568
