Time,Demand
23,1351.3929744
22,1458.99109272
21,1538.86079256
20,1583.75782432
19,1587.67745528
18,1498.01954512
17,1457.93400984
16,1448.27275488
15,1448.92481552
14,1455.20296376
13,1452.57468104
12,1462.84672856
11,1480.08303296
10,1484.67535664
9,1474.71544584
8,1466.98944
7,1366.87610584
6,1227.49583992
5,1153.4290376
4,1122.37095096
3,1131.81065312
2,1152.99585968
1,1192.43072368
0,1264.01000432
