Time,Demand
23,1365.93496984
22,1448.84152952
21,1512.40375608
20,1550.89499824
19,1591.51724704
18,1611.55495872
17,1516.324474
16,1479.62634008
15,1489.45794032
14,1473.71297528
13,1460.11357912
12,1462.01830656
11,1438.54492824
10,1434.7666368
9,1436.00495136
8,1428.30027032
7,1353.95670872
6,1255.52430416
5,1188.00404744
4,1161.20080216
3,1172.3402908
2,1199.93317696
1,1233.18696984
0,1273.13193896
