Time,Demand
23,1501.90881008
22,1617.28119616
21,1715.91473144
20,1789.25651688
19,1792.68767496
18,1812.59793736
17,1792.89620664
16,1737.996806
15,1669.16894536
14,1595.75070144
13,1531.79816608
12,1506.99335584
11,1490.15412896
10,1469.34065208
9,1459.58716456
8,1433.52689088
7,1378.51924336
6,1256.102638
5,1183.83824888
4,1161.72453096
3,1180.46667144
2,1213.05961336
1,1266.97160184
0,1343.42857824
