Time,Demand
0,1342.539142
1,1264.91523088
2,1222.38280696
3,1199.17945504
4,1200.18930864
5,1237.34671928
6,1328.69556848
7,1473.72052576
8,1544.13630112
9,1531.29662952
10,1485.3541724
11,1457.20699376
12,1419.07026912
13,1411.43039912
14,1427.54131072
15,1447.62079672
16,1487.16356376
17,1561.7942312
18,1683.5729344
19,1705.99632952
20,1694.18192328
21,1655.43224392
22,1575.94000592
23,1464.2229028
