Time,Demand
23,1495.10974032
22,1608.0386588
21,1680.07831824
20,1718.11909136
19,1729.71942136
18,1710.45222936
17,1560.973722
16,1457.43922912
15,1408.23588696
14,1393.90042064
13,1402.19318568
12,1411.77418816
11,1434.43851096
10,1469.75632104
9,1496.61730624
8,1501.33280976
7,1428.75231352
6,1294.33012016
5,1214.27867344
4,1182.60730504
3,1187.83979104
2,1214.50571088
1,1264.40976816
0,1349.45004208
