Time,Demand
0,1270.34620216
1,1209.29407704
2,1170.86804184
3,1154.95668456
4,1146.13601928
5,1172.34307176
6,1240.13517936
7,1363.31243328
8,1420.73102864
9,1437.81731464
10,1448.61729768
11,1445.43343616
12,1438.2615996
13,1445.83133184
14,1462.1319188
15,1482.2757208
16,1507.42878776
17,1544.55981904
18,1641.30614144
19,1631.951132
20,1590.54065464
21,1543.30240232
22,1463.13619648
23,1358.98466704
