Time,Demand
23,1354.03141664
22,1466.26739
21,1550.50832776
20,1583.15074344
19,1521.06466512
18,1471.1188184
17,1402.1505064
16,1331.4685104
15,1273.77637296
14,1238.54143896
13,1206.66282016
12,1189.6048444
11,1177.93190872
10,1165.90606552
9,1159.58054968
8,1147.68654784
7,1146.54004864
6,1127.54919592
5,1118.75316168
4,1120.47351528
3,1142.80633544
2,1173.8110076
1,1214.16440488
0,1278.90153664
