Time,Demand
23,1449.56470904
22,1574.23347424
21,1658.41783072
20,1696.61150512
19,1721.02766696
18,1715.02664984
17,1568.01125544
16,1481.40355496
15,1438.97915896
14,1413.71254024
13,1395.24486472
12,1407.73017
11,1431.25802904
10,1462.62981536
9,1509.00320424
8,1543.9459756
7,1478.6824276
6,1334.79103296
5,1241.02094928
4,1203.5405452
3,1205.70014264
2,1227.90913448
1,1267.03929408
0,1336.67601032
