Time,Demand
0,1263.84879824
1,1189.77615176
2,1144.4779864
3,1110.54831216
4,1093.15689224
5,1094.40479176
6,1123.54895296
7,1178.54741704
8,1226.67336344
9,1258.74273504
10,1279.29028976
11,1283.46287664
12,1286.61253952
13,1267.9461228
14,1255.87759136
15,1247.25517728
16,1265.09766544
17,1302.15852592
18,1361.61640048
19,1462.03936592
20,1462.9092296
21,1428.70454776
22,1375.0577512
23,1301.2422528
