Time,Demand
23,1484.98260008
22,1619.546852
21,1721.53472064
20,1785.71721552
19,1783.63339392
18,1763.57626368
17,1772.13745352
16,1745.50688872
15,1710.33909816
14,1664.17452488
13,1607.4658068
12,1579.47434624
11,1560.60613184
10,1541.7622388
9,1523.98001896
8,1496.54856568
7,1418.52920048
6,1287.05524304
5,1220.07937688
4,1201.8801088
3,1214.17685312
2,1231.85179544
1,1283.84408432
0,1370.02346768
