Time,Demand
0,1255.1400764
1,1206.01082448
2,1164.40824136
3,1138.37513888
4,1122.54729272
5,1158.51216768
6,1237.52071072
7,1327.64350992
8,1383.39249664
9,1425.56033312
10,1444.38029008
11,1452.37765064
12,1443.34104544
13,1460.23392704
14,1493.3610328
15,1524.47410808
16,1556.71809328
17,1599.11276056
18,1682.43433288
19,1658.74646672
20,1612.8528444
21,1561.11995368
22,1489.86621672
23,1387.2825792
