Time,Demand
0,1325.28408936
1,1252.79878472
2,1209.54052856
3,1202.56096856
4,1197.14792624
5,1217.01288408
6,1303.98170112
7,1448.07134528
8,1509.8303304
9,1485.02020184
10,1474.62268016
11,1452.27918416
12,1437.70707136
13,1431.37696296
14,1447.592916
15,1462.66958544
16,1481.33553064
17,1553.50041616
18,1669.86929256
19,1657.62010456
20,1625.9141808
21,1589.74992232
22,1529.31622872
23,1433.14694656
