Time,Demand
23,1373.6792832
22,1466.5741636
21,1540.1485372
20,1603.39344536
19,1629.50984224
18,1592.83891592
17,1564.72178968
16,1509.24028416
15,1440.98412752
14,1382.45140432
13,1338.21669184
12,1308.41243456
11,1298.0114392
10,1293.26768984
9,1281.05465992
8,1257.80827256
7,1226.56142448
6,1179.249414
5,1154.46180304
4,1154.22064128
3,1177.40589568
2,1218.22588104
1,1284.28382712
0,1370.96057112
