Time,Demand
0,1271.31870936
1,1199.41330376
2,1151.42449016
3,1129.55573864
4,1124.69799568
5,1156.7511984
6,1233.67391448
7,1358.3699584
8,1427.1175016
9,1446.4135392
10,1494.522092
11,1545.19094296
12,1583.73266912
13,1631.3810772
14,1701.18016432
15,1769.61714664
16,1826.47090136
17,1869.18482072
18,1879.96963168
19,1876.4419576
20,1855.75110672
21,1760.69245296
22,1642.42233176
23,1495.48586152
