Time,Demand
0,1329.09143864
1,1273.9187468
2,1227.35106872
3,1204.49129976
4,1203.90638368
5,1216.26401456
6,1253.17554432
7,1302.71585024
8,1309.26251232
9,1337.88757984
10,1343.84225416
11,1324.17847912
12,1310.92665816
13,1304.47034984
14,1315.26230752
15,1330.93778776
16,1346.70511528
17,1426.20997456
18,1567.4457344
19,1568.61697216
20,1540.78299088
21,1507.67090376
22,1457.65603424
23,1381.8653044
