Time,Demand
23,1368.21077176
22,1467.58589264
21,1523.3922396
20,1551.70603
19,1561.9977604
18,1541.25351856
17,1373.95652408
16,1267.24525312
15,1241.26383248
14,1226.70735768
13,1234.75287656
12,1227.18609496
11,1234.58078128
10,1251.09889968
9,1240.55451184
8,1230.46673176
7,1213.69536736
6,1167.51501328
5,1139.33285424
4,1136.33265312
3,1150.47504992
2,1183.80607352
1,1214.57149968
0,1282.74864144
