Time,Demand
23,1371.33492552
22,1483.29370784
21,1569.19545944
20,1626.48401888
19,1666.028322
18,1674.6490684
17,1575.44622536
16,1540.06395816
15,1531.95560336
14,1538.8709924
13,1522.87867928
12,1506.06664656
11,1457.16796904
10,1431.91979672
9,1415.3928236
8,1406.97517632
7,1358.1593928
6,1234.22666248
5,1150.09784848
4,1120.14213192
3,1121.675828
2,1143.93400576
1,1183.5711748
0,1242.04565352
