Time,Demand
23,1325.89685704
22,1430.62308704
21,1504.96788512
20,1546.85707232
19,1563.69165344
18,1544.44674384
17,1373.1671072
16,1288.87600688
15,1252.58940744
14,1225.47583872
13,1208.90238896
12,1204.79097536
11,1220.90774512
10,1232.85130696
9,1242.36352072
8,1226.44766552
7,1170.88167336
6,1138.92453528
5,1150.04655976
4,1120.94952816
3,1132.36293128
2,1160.30302024
1,1197.29838312
0,1255.79913928
