Time,Demand
0,1325.32408288
1,1239.71150856
2,1180.61107584
3,1170.34070608
4,1165.21214432
5,1163.91380168
6,1206.99502896
7,1275.7074232
8,1318.05477216
9,1346.52837984
10,1339.83309376
11,1325.92552904
12,1285.70399048
13,1257.72560872
14,1255.4244332
15,1279.39447552
16,1309.50180704
17,1402.47851968
18,1549.68387896
19,1557.69297656
20,1533.14748216
21,1501.45438744
22,1454.7919176
23,1374.03804888
