Time,Demand
0,1283.04342544
1,1219.44286632
2,1172.79322272
3,1147.00264448
4,1146.13849336
5,1174.42574144
6,1255.85108992
7,1379.19667648
8,1445.605672
9,1470.09671368
10,1480.81083472
11,1496.28325896
12,1501.96093656
13,1518.53397584
14,1543.2356884
15,1571.17346064
16,1600.75147064
17,1640.13376072
18,1659.4206412
19,1686.21027848
20,1732.6150548
21,1678.211192
22,1585.8386012
23,1465.80438592
