Time,Demand
0,1282.74864144
1,1214.57149968
2,1183.80607352
3,1150.47504992
4,1136.33265312
5,1139.33285424
6,1167.51501328
7,1213.69536736
8,1230.46673176
9,1240.55451184
10,1251.09889968
11,1234.58078128
12,1227.18609496
13,1234.75287656
14,1226.70735768
15,1241.26383248
16,1267.24525312
17,1373.95652408
18,1541.25351856
19,1561.9977604
20,1551.70603
21,1523.3922396
22,1467.58589264
23,1368.21077176
