Time,Demand
23,1335.05180648
22,1448.74164568
21,1530.06850528
20,1586.40320328
19,1626.4756564
18,1637.40605168
17,1528.6904248
16,1492.22286136
15,1463.81688264
14,1449.97147456
13,1420.19789968
12,1402.13108504
11,1397.2525056
10,1389.61562712
9,1387.35829176
8,1395.06811808
7,1338.74852664
6,1216.6454776
5,1133.33268608
4,1108.6170928
3,1118.66129088
2,1144.09194592
1,1179.53336536
0,1238.08886656
