Time,Demand
0,1286.9515344
1,1213.90310944
2,1165.200918
3,1136.7949208
4,1117.90859544
5,1121.12800632
6,1152.42811432
7,1205.00981888
8,1227.52237608
9,1251.61354248
10,1254.28573088
11,1256.74906448
12,1239.71657096
13,1231.50704544
14,1226.76818712
15,1254.27020208
16,1295.0086156
17,1350.37268632
18,1409.00458328
19,1489.042702
20,1510.57131176
21,1475.12382808
22,1418.18664232
23,1339.05853424
