Time,Demand
23,1365.05306056
22,1487.32632384
21,1564.46391248
20,1613.25202528
19,1614.31548824
18,1525.45250144
17,1473.07689872
16,1446.22034256
15,1440.91957968
14,1444.30152608
13,1446.1631856
12,1471.91964528
11,1486.53817648
10,1489.24990368
9,1464.80950784
8,1442.36739472
7,1348.50144968
6,1210.27306064
5,1125.27300256
4,1092.10252704
3,1100.78201016
2,1117.91583232
1,1161.91756968
0,1227.34138296
