Time,Demand
23,1338.47735896
22,1454.554248
21,1537.69050568
20,1598.95175216
19,1636.08643184
18,1647.03469672
17,1541.42066624
16,1494.47119976
15,1471.84632112
14,1452.73545088
13,1424.92526848
12,1406.9682312
11,1418.88412008
10,1421.16441544
9,1394.29102736
8,1385.97130728
7,1324.42887416
6,1192.54231152
5,1107.1660824
4,1067.85426048
3,1061.03371696
2,1077.49085024
1,1112.46917264
0,1165.1292436
