Time,Demand
0,1278.90153664
1,1214.16440488
2,1173.8110076
3,1142.80633544
4,1120.47351528
5,1118.75316168
6,1127.54919592
7,1146.54004864
8,1147.68654784
9,1159.58054968
10,1165.90606552
11,1177.93190872
12,1189.6048444
13,1206.66282016
14,1238.54143896
15,1273.77637296
16,1331.4685104
17,1402.1505064
18,1471.1188184
19,1521.06466512
20,1583.15074344
21,1550.50832776
22,1466.26739
23,1354.03141664
