Time,Demand
0,1227.34138296
1,1161.91756968
2,1117.91583232
3,1100.78201016
4,1092.10252704
5,1125.27300256
6,1210.27306064
7,1348.50144968
8,1442.36739472
9,1464.80950784
10,1489.24990368
11,1486.53817648
12,1471.91964528
13,1446.1631856
14,1444.30152608
15,1440.91957968
16,1446.22034256
17,1473.07689872
18,1525.45250144
19,1614.31548824
20,1613.25202528
21,1564.46391248
22,1487.32632384
23,1365.05306056
