Time,Demand
0,1386.41814304
1,1299.23598504
2,1232.97704488
3,1189.5507064
4,1162.73333736
5,1157.05502808
6,1180.68770848
7,1224.3433916
8,1245.22965504
9,1277.40464656
10,1316.26835312
11,1347.27803616
12,1376.88360488
13,1416.3423456
14,1480.56273008
15,1553.34927496
16,1632.23300128
17,1691.24188072
18,1718.78351064
19,1709.20669976
20,1704.61940432
21,1632.960616
22,1545.3481708
23,1438.51469832
