Time,Demand
0,1267.71017576
1,1208.82600608
2,1180.3712816
3,1149.81875512
4,1128.83715672
5,1155.705768
6,1233.96629832
7,1358.37877112
8,1422.15452792
9,1454.50396672
10,1478.7035032
11,1492.1952668
12,1523.15926448
13,1543.56786976
14,1548.09500384
15,1540.52696952
16,1539.2576444
17,1581.28539632
18,1658.7046784
19,1637.86050232
20,1602.23480088
21,1553.71321504
22,1472.81999592
23,1363.73136704
