Time,Demand
23,1426.7995728
22,1556.01055232
21,1646.6335844
20,1705.056612
19,1659.43234968
18,1635.555348
17,1606.24292304
16,1564.13971448
15,1520.33254576
14,1478.60778688
13,1442.43091272
12,1441.41045104
11,1441.71978496
10,1441.27181856
9,1441.74988888
8,1430.71968312
7,1373.45259184
6,1245.93983696
5,1170.56945824
4,1149.76337168
3,1160.32890344
2,1189.76638424
1,1237.17820688
0,1308.34865168
