Time,Demand
0,1261.67967968
1,1195.23355504
2,1149.30245304
3,1124.02908968
4,1111.7550696
5,1137.9174996
6,1210.98399408
7,1299.56891624
8,1355.22446584
9,1397.34703584
10,1404.7618452
11,1400.83754384
12,1397.23233552
13,1395.1718676
14,1404.55565992
15,1425.74780152
16,1448.28436704
17,1490.7365256
18,1595.042862
19,1580.48640064
20,1530.62867272
21,1481.64472288
22,1417.33480112
23,1333.62949888
