Time,Demand
0,1227.42884712
1,1185.93532568
2,1143.32526112
3,1117.58252648
4,1101.41926944
5,1105.1332264
6,1131.98240624
7,1156.45310144
8,1174.4021828
9,1219.5523004
10,1205.8611292
11,1197.34602176
12,1209.46203952
13,1196.53047584
14,1225.23334472
15,1241.20256232
16,1261.77601368
17,1354.768464
18,1494.90963048
19,1497.0666536
20,1471.17374264
21,1428.19198928
22,1368.3958904
23,1282.75001456
