Time,Demand
23,1352.49351272
22,1450.36006976
21,1492.820672
20,1523.83950992
19,1545.36124008
18,1493.64672464
17,1458.24253904
16,1429.68259504
15,1424.63019552
14,1433.25017864
13,1435.58501576
12,1449.68013288
11,1463.1113784
10,1472.89119656
9,1472.175572
8,1466.4273568
7,1369.04974976
6,1226.32267352
5,1143.020802
4,1122.74538264
3,1128.25283592
2,1155.71395856
1,1198.9388936
0,1266.03562064
