Time,Demand
0,1195.68583456
1,1156.29880296
2,1117.89944448
3,1098.2188868
4,1096.94875808
5,1128.3059956
6,1200.80397472
7,1315.0648056
8,1379.97051192
9,1406.21951568
10,1434.86369376
11,1431.4692924
12,1437.67908144
13,1449.15335208
14,1479.07380208
15,1491.10622192
16,1483.27569488
17,1539.34179672
18,1642.36795576
19,1629.90728712
20,1585.51228976
21,1534.49924264
22,1455.97252304
23,1348.43900744
