Time,Demand
0,1316.1715364
1,1239.0314972
2,1194.81921328
3,1169.44818424
4,1167.58564272
5,1205.78378648
6,1297.033374
7,1436.5186724
8,1500.63318048
9,1478.91036888
10,1446.18821424
11,1431.08186032
12,1420.7665864
13,1421.0511728
14,1441.86794416
15,1454.64727632
16,1483.25457336
17,1552.08378528
18,1673.21571648
19,1672.38891456
20,1649.61837992
21,1606.70443304
22,1527.26274456
23,1412.6145012
