Time,Demand
0,1240.53647984
1,1188.7540644
2,1148.59298008
3,1118.33799448
4,1107.95086864
5,1141.22579872
6,1223.24332256
7,1351.56838656
8,1424.31596496
9,1451.83145016
10,1457.76897336
11,1475.23536384
12,1472.01385464
13,1477.47413856
14,1487.83627552
15,1520.96757624
16,1530.93045952
17,1566.61450176
18,1668.62972696
19,1652.9722608
20,1608.02790232
21,1551.24668608
22,1470.82191592
23,1360.05717848
