Time,Demand
23,1421.07366968
22,1542.69755752
21,1619.69586408
20,1667.79637584
19,1638.35180656
18,1587.96957088
17,1562.02291224
16,1526.09605624
15,1494.50732256
14,1467.79101168
13,1446.52818016
12,1446.48300104
11,1447.63592512
10,1452.90242104
9,1455.28229616
8,1449.11106928
7,1382.51700664
6,1252.78382488
5,1174.92788672
4,1151.54032
3,1161.38518384
2,1193.0382044
1,1240.18932688
0,1317.37622128
