Time,Demand
0,1370.96057112
1,1284.28382712
2,1218.22588104
3,1177.40589568
4,1154.22064128
5,1154.46180304
6,1179.249414
7,1226.56142448
8,1257.80827256
9,1281.05465992
10,1293.26768984
11,1298.0114392
12,1308.41243456
13,1338.21669184
14,1382.45140432
15,1440.98412752
16,1509.24028416
17,1564.72178968
18,1592.83891592
19,1629.50984224
20,1603.39344536
21,1540.1485372
22,1466.5741636
23,1373.6792832
