Time,Demand
23,1363.5774712
22,1475.89892464
21,1554.91802648
20,1601.33040984
19,1602.29945848
18,1518.49118456
17,1472.64645136
16,1441.68102624
15,1426.2218572
14,1410.70809488
13,1406.81654624
12,1424.4170136
11,1434.5898532
10,1446.06142744
9,1452.33338712
8,1450.27848448
7,1357.52634696
6,1222.21023736
5,1144.6298388
4,1113.50614536
3,1121.88007176
2,1148.08683584
1,1187.81407864
0,1258.4410916
