Time,Demand
23,1297.5662728
22,1379.76099576
21,1456.2095044
20,1505.98014336
19,1532.0906048
18,1539.39894248
17,1425.95413912
16,1359.71501344
15,1334.71136624
14,1310.26332696
13,1279.63737328
12,1251.31532456
11,1240.14136848
10,1215.42605912
9,1178.63999456
8,1139.97467248
7,1129.42622464
6,1099.51865688
5,1077.880468
4,1078.1508556
3,1083.0358644
2,1111.35136728
1,1159.44894856
0,1223.19729896
