Time,Demand
23,1243.2807016
22,1338.46308848
21,1419.03945792
20,1460.37309656
19,1489.5234732
18,1466.37120112
17,1327.86898048
16,1242.9533676
15,1194.22040976
14,1173.89280456
13,1160.00638936
12,1169.88337816
11,1172.18153528
10,1183.20240696
9,1180.49308664
8,1154.28171992
7,1117.47028456
6,1087.24549864
5,1059.09551776
4,1051.18573336
3,1057.15211168
1,1149.52207832
0,1217.86667688
