Time,Demand
0,1303.74056568
1,1246.64724352
2,1207.81077704
3,1195.26389976
4,1191.0457468
5,1221.27783456
6,1310.68103768
7,1451.96235072
8,1509.7210856
9,1470.78858696
10,1439.246354
11,1415.19189056
12,1385.1095636
13,1374.87858368
14,1394.02170488
15,1418.92156112
16,1459.11734696
17,1544.14467704
18,1699.2977512
19,1717.4158652
20,1695.22650528
21,1652.74240544
22,1572.77872024
23,1449.971404
