Time,Demand
0,1291.7535596
1,1239.21471072
2,1187.62452312
3,1159.69235312
4,1147.61511312
5,1150.43811344
6,1176.81077864
7,1242.06096896
8,1256.2878664
9,1253.57648976
10,1263.36852432
11,1251.62167368
12,1245.54595424
13,1252.98725888
14,1268.08539368
15,1285.77101744
16,1320.13883008
17,1415.24628224
18,1566.94174056
19,1583.96943824
20,1570.04277752
21,1535.91512032
22,1464.69700776
23,1358.53347728
