Time,Demand
0,1439.98989904
1,1342.13490712
2,1285.13041776
3,1242.61197928
4,1215.40762504
5,1226.3421772
6,1281.646786
7,1381.73388136
8,1425.99261224
9,1451.571408
10,1478.25022016
11,1529.86476272
12,1571.15189336
13,1619.5993408
14,1715.62273568
15,1806.3120628
16,1894.2152432
17,1957.03253536
18,1964.27769384
19,1933.2728016
20,1933.9484556
21,1852.32567072
22,1727.36058264
23,1578.56109992
