Time,Demand
0,1277.42161288
1,1238.66773856
2,1194.45002712
3,1162.05051872
4,1146.0239308
5,1155.61706512
6,1186.37806616
7,1226.87313728
8,1264.13948416
9,1302.53839912
10,1278.0984944
11,1288.56338128
12,1283.03681128
13,1283.88665104
14,1296.39516384
15,1300.31635776
16,1315.7373264
17,1382.8172456
18,1505.18416944
19,1498.10730888
20,1467.71223368
21,1434.21527312
22,1378.81941512
23,1300.5994792
