Time,Demand
23,1388.0537412
22,1485.38982928
21,1541.94759992
20,1582.66859576
19,1565.13159432
18,1494.35347376
17,1467.32584096
16,1446.3500352
15,1448.92429304
14,1462.20269664
13,1468.08899496
12,1491.21146216
11,1503.41059568
10,1499.99070256
9,1489.13733472
8,1469.45368416
7,1395.77270392
6,1262.744448
5,1186.58589336
4,1163.9673388
3,1176.86256912
2,1208.5186932
1,1265.5354292
0,1344.02045344
