Time,Demand
23,1411.3584688
22,1528.24554904
21,1608.71493776
20,1656.87031664
19,1689.4760512
18,1695.34123864
17,1571.08163856
16,1495.3999956
15,1459.85919352
14,1433.26390816
13,1402.29712056
12,1394.58976048
11,1399.83461016
10,1416.35881464
9,1438.8940692
8,1459.1336004
7,1400.92725248
6,1263.17702112
5,1173.5922632
4,1144.17338336
3,1148.0027496
2,1189.85493928
1,1226.63574376
0,1289.40259168
