Time,Demand
23,1360.05717848
22,1470.82191592
21,1551.24668608
20,1608.02790232
19,1652.9722608
18,1668.62972696
17,1566.61450176
16,1530.93045952
15,1520.96757624
14,1487.83627552
13,1477.47413856
12,1472.01385464
11,1475.23536384
10,1457.76897336
9,1451.83145016
8,1424.31596496
7,1351.56838656
6,1223.24332256
5,1141.22579872
4,1107.95086864
3,1118.33799448
2,1148.59298008
1,1188.7540644
0,1240.53647984
