Time,Demand
23,1285.99880696
22,1325.58623064
21,1369.11970496
20,1403.16608992
19,1452.71725872
18,1514.10695296
17,1504.71400296
16,1517.33937152
15,1513.87934376
14,1499.810788
13,1447.8019976
12,1397.20047712
11,1343.4128792
10,1283.6876248
9,1232.15434048
8,1190.41854848
7,1161.5913064
6,1136.93010536
5,1117.17477312
4,1120.19457032
3,1142.034488
2,1180.41898128
1,1230.27561496
0,1294.52213464
