Time,Demand
23,1251.89793904
22,1344.0181972
21,1415.7864308
20,1463.83474104
19,1489.27203824
18,1480.36597576
17,1356.63031224
16,1271.6918788
15,1236.36114448
14,1217.12162992
13,1203.61749368
12,1196.44861056
11,1192.68289784
10,1182.76845008
9,1167.948208
8,1129.56787888
7,1107.96115248
6,1082.24479328
5,1060.447206
4,1063.53910488
3,1075.14256472
2,1098.9424908
1,1139.73884304
0,1194.87637192
