Time,Demand
0,1238.08886656
1,1179.53336536
2,1144.09194592
3,1118.66129088
4,1108.6170928
5,1133.33268608
6,1216.6454776
7,1338.74852664
8,1395.06811808
9,1387.35829176
10,1389.61562712
11,1397.2525056
12,1402.13108504
13,1420.19789968
14,1449.97147456
15,1463.81688264
16,1492.22286136
17,1528.6904248
18,1637.40605168
19,1626.4756564
20,1586.40320328
21,1530.06850528
22,1448.74164568
23,1335.05180648
