Time,Demand
23,1367.31243768
22,1447.40242248
21,1504.44758968
20,1522.48334336
19,1455.6978268
18,1405.28036376
17,1357.86152488
16,1310.8736704
15,1266.81847096
14,1232.24592904
13,1207.509408
12,1207.27403888
11,1225.29283968
10,1251.54289848
9,1241.24851984
8,1219.00000544
7,1201.02398976
6,1173.71848888
5,1146.61865136
4,1139.86062008
3,1159.12717312
2,1194.70120336
1,1242.97759936
0,1316.64050224
