Time,Demand
23,1444.79232408
22,1575.59403288
21,1671.26433376
20,1735.65848568
19,1715.7631232
18,1691.21577632
17,1678.64861248
16,1639.60538224
15,1588.43652016
14,1538.03277096
13,1491.94427592
12,1474.83808976
11,1458.2112888
10,1447.00730104
9,1433.46314048
8,1427.2094228
7,1367.8810432
6,1239.30866696
5,1167.22264232
4,1147.07254368
3,1159.23079664
2,1191.96486808
1,1246.1672048
0,1318.99219928
