Time,Demand
0,1246.9831724
1,1190.6121836
2,1161.46742488
3,1134.04201232
4,1130.91735176
5,1162.36904784
6,1240.79382
7,1362.2717864
8,1418.16729488
9,1438.54526872
10,1454.03099128
11,1476.39086952
12,1497.4517012
13,1522.81820656
14,1568.8287552
15,1612.22133576
16,1665.69731104
17,1718.6864352
18,1743.75858104
19,1748.09075
20,1785.20683992
21,1729.06995016
22,1624.35865592
23,1481.72284624
