Time,Demand
0,1264.31578392
1,1202.22954936
2,1156.6804956
3,1140.88473912
4,1135.81137376
5,1165.77123488
6,1234.06406536
7,1351.4813312
8,1410.69574464
9,1436.13790936
10,1447.40904056
11,1459.72257144
12,1471.88887216
13,1485.48338344
14,1521.67221192
15,1565.12299552
16,1611.80146456
17,1651.49606888
18,1671.87822256
19,1701.06364512
20,1720.8409092
21,1655.10268224
22,1559.3979632
23,1433.6174132
