Time,Demand
23,1415.16778704
22,1560.3006552
21,1652.32287584
20,1700.55729592
19,1726.0225556
18,1716.3191976
17,1558.81256384
16,1462.08540408
15,1430.86598648
14,1411.99800224
13,1403.54905208
12,1411.30047184
11,1430.4425716
10,1457.64254272
9,1478.06691704
8,1494.1497928
7,1424.35195728
6,1273.32969624
5,1178.20894128
4,1174.78634504
3,1175.67587144
2,1192.22148472
1,1201.02008712
0,1231.7566632
