Time,Demand
0,1236.15724792
1,1177.59221496
2,1138.43841272
3,1114.32937056
4,1114.8261432
5,1147.42269488
6,1241.17775712
7,1365.58948624
8,1423.3268252
9,1411.50551584
10,1400.90906872
11,1396.11792824
12,1405.04731416
13,1413.71192872
14,1443.96578256
15,1451.53846936
16,1483.24921416
17,1532.29909952
18,1632.39998432
19,1625.060948
20,1595.31898568
21,1542.9825068
22,1452.52168768
23,1341.47138216
