Time,Demand
0,1335.10732544
1,1269.85450872
2,1232.51204048
3,1219.62074472
4,1220.71761448
5,1244.94970712
6,1334.460722
7,1483.04132704
8,1544.91131648
9,1516.86910088
10,1497.20428424
11,1480.18206784
12,1457.4381108
13,1440.91175816
14,1460.84444856
15,1481.3166704
16,1499.6227876
17,1574.95357712
18,1712.89629168
19,1717.03242032
20,1686.60342816
21,1646.18578992
22,1563.13625944
23,1446.63776992
