Time,Demand
0,1258.4410916
1,1187.81407864
2,1148.08683584
3,1121.88007176
4,1113.50614536
5,1144.6298388
6,1222.21023736
7,1357.52634696
8,1450.27848448
9,1452.33338712
10,1446.06142744
11,1434.5898532
12,1424.4170136
13,1406.81654624
14,1410.70809488
15,1426.2218572
16,1441.68102624
17,1472.64645136
18,1518.49118456
19,1602.29945848
20,1601.33040984
21,1554.91802648
22,1475.89892464
23,1363.5774712
