Time,Demand
0,1443.84422728
1,1349.38954584
2,1280.8186916
3,1234.7422752
4,1213.55630872
5,1230.73122424
6,1299.5325392
7,1420.67210712
8,1474.32882464
9,1502.19683992
10,1535.955344
11,1563.89823296
12,1604.330434
13,1647.53210888
14,1715.02165016
15,1788.45215752
16,1849.04183688
17,1891.85538584
18,1883.29680784
19,1839.73496672
20,1849.80848024
21,1777.88326912
22,1676.31699368
23,1552.18806848
