Time,Demand
23,1413.09144872
22,1533.35821912
21,1619.3947056
20,1663.29759904
19,1601.8152052
18,1555.96613536
17,1534.83586032
16,1505.5185292
15,1481.19878872
14,1469.58275744
13,1455.0743424
12,1469.20400424
11,1479.95680448
10,1490.64661032
9,1492.27964256
8,1474.9680484
7,1406.6555664
6,1278.58759
5,1207.58761424
4,1179.90956496
3,1188.29556048
2,1219.62388408
1,1274.5815264
0,1356.021772
