Time,Demand
23,1419.19977752
22,1515.23107456
21,1582.05421472
20,1631.19880784
19,1612.974454
18,1578.50060368
17,1557.28197408
16,1528.812376
15,1496.38123152
14,1467.87431952
13,1441.8212424
12,1449.44002336
11,1454.7552852
10,1458.51399008
9,1451.94303688
8,1436.70777656
7,1369.660768
6,1244.78817512
5,1177.19370328
4,1152.40264048
3,1160.80141296
2,1191.65424112
1,1242.38710568
0,1315.22508824
