Time,Demand
23,1384.7607368
22,1493.53118376
21,1573.51513872
20,1614.94161528
19,1557.45553208
18,1519.28443184
17,1465.34288264
16,1401.14344216
15,1336.98576424
14,1287.73101968
13,1258.59068272
12,1238.64403824
11,1225.89569424
10,1225.76970152
9,1217.19516968
8,1192.22403048
7,1182.43220704
6,1151.74152464
5,1137.26217696
4,1144.65226176
3,1168.95031792
2,1210.36287288
1,1267.1726592
0,1348.3846096
