Time,Demand
23,1438.51469832
22,1545.3481708
21,1632.960616
20,1704.61940432
19,1709.20669976
18,1718.78351064
17,1691.24188072
16,1632.23300128
15,1553.34927496
14,1480.56273008
13,1416.3423456
12,1376.88360488
11,1347.27803616
10,1316.26835312
9,1277.40464656
8,1245.22965504
7,1224.3433916
6,1180.68770848
5,1157.05502808
4,1162.73333736
3,1189.5507064
2,1232.97704488
1,1299.23598504
0,1386.41814304
