Time,Demand
23,1381.8653044
22,1457.65603424
21,1507.67090376
20,1540.78299088
19,1568.61697216
18,1567.4457344
17,1426.20997456
16,1346.70511528
15,1330.93778776
14,1315.26230752
13,1304.47034984
12,1310.92665816
11,1324.17847912
10,1343.84225416
9,1337.88757984
8,1309.26251232
7,1302.71585024
6,1253.17554432
5,1216.26401456
4,1203.90638368
3,1204.49129976
2,1227.35106872
1,1273.9187468
0,1329.09143864
