Time,Demand
23,1387.2825792
22,1489.86621672
21,1561.11995368
20,1612.8528444
19,1658.74646672
18,1682.43433288
17,1599.11276056
16,1556.71809328
15,1524.47410808
14,1493.3610328
13,1460.23392704
12,1443.34104544
11,1452.37765064
10,1444.38029008
9,1425.56033312
8,1383.39249664
7,1327.64350992
6,1237.52071072
5,1158.51216768
4,1122.54729272
3,1138.37513888
2,1164.40824136
1,1206.01082448
0,1255.1400764
