Time,Demand
23,1394.02127312
22,1505.17246376
21,1587.98562272
20,1635.796316
19,1662.52238152
18,1657.206306
17,1519.78374184
16,1457.77861432
15,1445.70149808
14,1434.74652664
13,1400.57961456
12,1404.15713312
11,1414.291046
10,1410.98093864
9,1422.57930584
8,1409.98278008
7,1329.36234704
6,1206.42699688
5,1123.64717584
4,1092.19356176
3,1091.67909984
2,1117.32024992
1,1156.52340216
0,1215.65456152
