Time,Demand
0,1223.19729896
1,1159.44894856
2,1111.35136728
3,1083.0358644
4,1078.1508556
5,1077.880468
6,1099.51865688
7,1129.42622464
8,1139.97467248
9,1178.63999456
10,1215.42605912
11,1240.14136848
12,1251.31532456
13,1279.63737328
14,1310.26332696
15,1334.71136624
16,1359.71501344
17,1425.95413912
18,1539.39894248
19,1532.0906048
20,1505.98014336
21,1456.2095044
22,1379.76099576
23,1297.5662728
