Time,Demand
0,1348.3846096
1,1267.1726592
2,1210.36287288
3,1168.95031792
4,1144.65226176
5,1137.26217696
6,1151.74152464
7,1182.43220704
8,1192.22403048
9,1217.19516968
10,1225.76970152
11,1225.89569424
12,1238.64403824
13,1258.59068272
14,1287.73101968
15,1336.98576424
16,1401.14344216
17,1465.34288264
18,1519.28443184
19,1557.45553208
20,1614.94161528
21,1573.51513872
22,1493.53118376
23,1384.7607368
