Time,Demand
0,1537.99926896
1,1427.38908088
2,1351.60946648
3,1310.22042312
4,1282.20154216
5,1292.9319312
6,1350.44146328
7,1482.6454664
8,1551.3538264
9,1577.90022376
10,1624.65833656
11,1688.5228136
12,1762.2205832
13,1840.64414352
14,1945.63357184
15,2030.26013064
16,2103.23509648
17,2140.89985592
18,2111.07161888
19,2078.34417448
20,2015.83395384
21,1898.27836128
22,1764.77272944
23,1597.48318128
