Time,Demand
23,1348.71767016
22,1424.7634408
21,1478.21968784
20,1512.64822352
19,1536.59349536
18,1542.38352744
17,1425.08906568
16,1362.25530392
15,1333.8788456
14,1324.59384344
13,1311.63257792
12,1308.7253844
11,1316.97307952
10,1319.40684904
9,1322.39356816
8,1304.9679132
7,1246.49524496
6,1190.53601408
5,1168.543166
4,1161.76854864
3,1172.26416552
2,1189.7258072
1,1240.13403808
0,1335.39271656
