Time,Demand
23,1370.48944928
22,1457.56128728
21,1529.35661088
20,1580.12597848
19,1561.08482712
18,1513.395408
17,1469.19281992
16,1407.55902784
15,1351.15475264
14,1305.12027968
13,1276.54915976
12,1276.39794128
11,1278.017258
10,1274.66767176
9,1257.80606672
8,1231.48997552
7,1209.41593976
6,1157.82605064
5,1131.88965848
4,1133.18771272
3,1151.5151732
2,1188.06339792
1,1243.5834404
0,1318.02743856
