Time,Demand
0,1337.95733288
1,1271.83674688
2,1231.44112224
3,1218.7617092
4,1216.07782072
5,1250.78134552
6,1329.0737628
7,1476.34593512
8,1532.3316708
9,1501.41009704
10,1465.83272528
11,1462.21702648
12,1452.66784376
13,1438.94902368
14,1454.15893896
15,1469.3037296
16,1489.59732152
17,1575.84914704
18,1699.0824396
19,1696.78953752
20,1671.48703848
21,1628.87627168
22,1548.93782288
23,1434.783518
