Time,Demand
0,1250.80369288
1,1181.23840296
2,1132.11440832
3,1101.90080784
4,1084.1500488
5,1083.91687824
6,1102.36185248
7,1132.52013056
8,1147.52167488
9,1168.65618352
10,1183.86380504
11,1192.47618672
12,1202.95927752
13,1216.3339916
14,1259.93418992
15,1327.63978648
16,1406.27944408
17,1488.3685936
18,1555.3279924
19,1620.12720856
20,1625.55671992
21,1566.76922864
22,1482.47401176
23,1366.92198608
