Time,Demand
0,1266.03562064
1,1198.9388936
2,1155.71395856
3,1128.25283592
4,1122.74538264
5,1143.020802
6,1226.32267352
7,1369.04974976
8,1466.4273568
9,1472.175572
10,1472.89119656
11,1463.1113784
12,1449.68013288
13,1435.58501576
14,1433.25017864
15,1424.63019552
16,1429.68259504
17,1458.24253904
18,1493.64672464
19,1545.36124008
20,1523.83950992
21,1492.820672
22,1450.36006976
23,1352.49351272
