Time,Demand
0,1194.87637192
1,1139.73884304
2,1098.9424908
3,1075.14256472
4,1063.53910488
5,1060.447206
6,1082.24479328
7,1107.96115248
8,1129.56787888
9,1167.948208
10,1182.76845008
11,1192.68289784
12,1196.44861056
13,1203.61749368
14,1217.12162992
15,1236.36114448
16,1271.6918788
17,1356.63031224
18,1480.36597576
19,1489.27203824
20,1463.83474104
21,1415.7864308
22,1344.0181972
23,1251.89793904
