Time,Demand
0,1339.23823824
1,1257.97840952
2,1210.78618304
3,1180.20524048
4,1169.1805916
5,1187.17310656
6,1256.459848
7,1342.01971736
8,1424.47446344
9,1455.77623072
10,1470.52301704
11,1481.27778176
12,1519.19020456
13,1488.76672392
14,1490.91566232
15,1496.90060744
16,1498.17878672
17,1519.31005576
18,1513.4378196
19,1525.43025264
20,1567.323842
21,1611.68892192
22,1562.26537432
23,1444.33392096
