Time,Demand
0,1653.88177472
1,1522.13237904
2,1428.9995188
3,1362.05438992
4,1317.72263728
5,1293.85452112
6,1287.18102912
7,1292.51460072
8,1343.18984016
9,1434.84431776
10,1523.01835336
11,1595.63386472
12,1695.79044096
13,1793.15571232
14,1889.49354496
15,1983.95241464
16,2077.47663592
17,2144.50921384
18,2187.42645856
19,2206.75105728
20,2169.70455688
21,2131.52906456
22,2064.40854984
23,1894.235588
