Time,Demand
0,1285.13142128
1,1217.15426168
2,1170.77947392
3,1132.10269144
4,1111.4112072
5,1116.0332792
6,1136.98892664
7,1142.98066792
8,1171.70402832
9,1207.85399168
10,1245.00688928
11,1271.69367192
12,1283.76962672
13,1294.48608744
14,1326.84173664
15,1373.5676304
16,1401.03402376
17,1444.40947728
18,1501.0393916
19,1528.88709008
20,1537.81071024
21,1574.10308552
22,1521.96531536
23,1398.9175564
