Time,Demand
0,1281.63082096
1,1218.41953184
2,1172.02655528
3,1137.60357816
4,1114.82450632
5,1113.27873384
6,1113.06116152
7,1094.93646976
8,1113.47485312
9,1142.50912384
10,1153.5052928
11,1164.67813112
12,1177.42664312
13,1196.47992576
14,1224.9848296
15,1266.55859512
16,1319.50244664
17,1393.4831932
18,1446.98367352
19,1475.25810432
20,1488.00231832
21,1518.01085632
22,1481.1546176
23,1386.75579504
