Time,Demand
0,1292.53038488
1,1230.08903808
2,1184.60201608
3,1157.29967304
4,1149.09637584
5,1163.67638744
6,1226.088066
7,1336.10120952
8,1415.31493152
9,1445.1453996
10,1456.87831408
11,1459.30001056
12,1452.004862
13,1446.60232192
14,1439.32651016
15,1437.6942552
16,1438.49540184
17,1451.04343608
18,1461.20616712
19,1472.0543936
20,1532.4543136
21,1567.31940456
22,1494.99935368
23,1378.99233136
