Time,Demand
0,1252.14912368
1,1176.0090944
2,1133.28273856
3,1106.95796344
4,1096.65790304
5,1117.72420872
6,1191.12398552
7,1311.85300736
8,1378.55433128
9,1409.0124692
10,1411.59243736
11,1408.20482488
12,1397.20981512
13,1393.80075632
14,1386.24666936
15,1377.14760848
16,1385.84157152
17,1382.11614576
18,1409.0559056
19,1432.5681888
20,1487.20255544
21,1498.06129424
22,1447.69764328
23,1353.74303568
