Time,Demand
23,1380.6877364
22,1496.20043384
21,1558.9113288
20,1520.1622492
19,1487.80583672
18,1440.5381592
17,1368.43015344
16,1312.63114808
15,1275.38315408
14,1246.0651896
13,1215.1397356
12,1192.91563888
11,1179.96079768
10,1164.58624744
9,1154.13265184
8,1128.5011752
7,1096.78652216
6,1095.94294544
5,1080.33628808
4,1078.9232048
3,1099.8547756
2,1137.26635344
1,1191.1792648
0,1276.48721648
