Time,Demand
0,1235.86523816
1,1169.5260248
2,1146.99447296
3,1127.57099056
4,1119.48798472
5,1142.93786712
6,1217.3223664
7,1338.63435832
8,1417.81573248
9,1426.51107088
10,1418.94675048
11,1413.47491152
12,1413.26792824
13,1416.20359328
14,1415.39231008
15,1418.80706128
16,1410.38005864
17,1396.1172764
18,1386.128338
19,1416.26499952
20,1490.37301784
21,1484.58891728
22,1435.1721216
23,1347.08018816
