Time,Demand
23,1266.65638904
22,1338.29822336
21,1381.44864536
20,1362.37205272
19,1261.46024144
18,1217.500872
17,1177.91587704
16,1161.9883772
15,1162.66756872
14,1180.45773888
13,1204.8746276
12,1219.14201248
11,1243.65582152
10,1240.07369304
9,1215.19981072
8,1188.18850864
7,1162.60341008
6,1109.30851864
5,1088.97784912
4,1085.71205848
3,1106.3963204
2,1137.83187336
1,1181.58646984
0,1246.43594824
