Time,Demand
23,1353.74303568
22,1447.69764328
21,1498.06129424
20,1487.20255544
19,1432.5681888
18,1409.0559056
17,1382.11614576
16,1385.84157152
15,1377.14760848
14,1386.24666936
13,1393.80075632
12,1397.20981512
11,1408.20482488
10,1411.59243736
9,1409.0124692
8,1378.55433128
7,1311.85300736
6,1191.12398552
5,1117.72420872
4,1096.65790304
3,1106.95796344
2,1133.28273856
1,1176.0090944
0,1252.14912368
