Time,Demand
0,1201.79350816
1,1134.80721816
2,1105.47557064
3,1071.70044184
4,1065.69690416
5,1100.53911632
6,1185.9854608
7,1324.2608596
8,1385.60683072
9,1371.76568648
10,1343.16089544
11,1335.95256816
12,1340.56924512
13,1325.21034072
14,1328.79181848
15,1337.72233672
16,1358.07788368
17,1359.8364696
18,1377.68918336
19,1418.7465208
20,1507.61704968
21,1516.66052944
22,1444.87918792
23,1332.89921856
