Time,Demand
23,1588.38654296
22,1736.2148748
21,1813.21540288
20,1823.29468888
19,1839.99344648
18,1834.76740608
17,1800.53567904
16,1746.92626976
15,1691.50953328
14,1656.27582064
13,1612.73338408
12,1585.68679304
11,1547.973336
10,1504.97797688
9,1493.21406136
8,1455.6047324
7,1366.96996576
6,1289.62745408
5,1218.64310568
4,1166.0583648
3,1176.77645456
2,1207.41406744
1,1261.93194176
0,1351.9303616
