Time,Demand
0,1252.70219032
1,1174.4052376
2,1131.48892248
3,1103.75673576
4,1095.61426296
5,1119.37089152
6,1197.2073988
7,1303.20287216
8,1374.42191992
9,1399.879124
10,1419.99372256
11,1455.24810368
12,1466.35387696
13,1458.51412616
14,1478.43461864
15,1496.82136352
16,1485.8566464
17,1493.24531384
18,1492.77817584
19,1501.71879312
20,1530.00847384
21,1573.10974296
22,1505.78226288
23,1381.68234232
