Time,Demand
0,1196.89095064
1,1124.85376584
2,1083.45931568
3,1060.6594124
4,1050.31631936
5,1058.47383376
6,1078.13403432
7,1107.1550056
8,1113.18643576
9,1136.88988224
10,1135.19979328
11,1123.9659228
12,1101.33900744
13,1081.63371176
14,1067.38500848
15,1055.58402992
16,1077.2102824
17,1117.7166588
18,1169.88791584
19,1252.62006856
20,1357.61607968
21,1402.61615032
22,1354.65199576
23,1261.41016456
