Time,Demand
0,1398.91433248
1,1302.77733992
2,1243.24891096
3,1205.13800624
4,1181.54479128
5,1183.1389808
6,1197.2923032
7,1204.5770772
8,1239.27271664
9,1284.05234944
10,1305.67774008
11,1318.36031432
12,1320.72877832
13,1310.32649048
14,1299.37342136
15,1272.43103904
16,1284.74759336
17,1316.02253216
18,1355.49253112
19,1402.14979856
20,1436.12621432
21,1486.34841208
22,1475.86299896
23,1398.46684208
