Time,Demand
0,1330.19923064
1,1245.61659208
2,1180.53157488
3,1152.3549548
4,1140.9760628
5,1138.14282008
6,1160.53896112
7,1167.59417824
8,1197.29480024
9,1250.83461384
10,1282.21498272
11,1301.84859112
12,1314.48414664
13,1340.6444464
14,1376.69404936
15,1423.68982784
16,1463.6886796
17,1493.19768696
18,1506.24084632
19,1513.89905688
20,1533.95661104
21,1550.7108904
22,1486.15370848
23,1395.28121264
