Time,Demand
0,1226.15021256
1,1158.01606984
2,1126.02384496
3,1123.88183992
4,1098.55904256
5,1120.80425408
6,1188.02624584
7,1309.64090824
8,1366.2591936
9,1347.09614424
10,1309.59762976
11,1315.4572732
12,1306.0817952
13,1276.90070928
14,1269.81596448
15,1273.50350232
16,1284.08931616
17,1320.857188
18,1342.61499624
19,1368.30822632
20,1449.22605968
21,1467.94945808
22,1426.575654
23,1332.78026056
