Time,Demand
23,1371.84591376
22,1490.70745824
21,1561.438606
20,1508.38449216
19,1444.35854136
18,1410.96576488
17,1415.26383712
16,1414.03164168
15,1405.57831848
14,1372.05893664
13,1364.08007848
12,1365.63624736
11,1378.5692144
10,1380.87306392
9,1377.76319016
8,1362.53495616
7,1299.04105632
6,1197.80250856
5,1119.07771416
4,1126.22890632
3,1133.4437884
2,1162.26485704
1,1209.73808424
0,1266.99282416
