Time,Demand
23,1437.3112796
22,1558.5750572
21,1602.55868808
20,1555.87243672
19,1530.39036584
18,1495.1678616
17,1486.38892192
16,1481.73210304
15,1482.00555552
14,1468.77956736
13,1462.36039432
12,1453.77253504
11,1456.82144776
10,1455.0091332
9,1422.33117208
8,1373.49277464
7,1307.79575024
6,1242.90663952
5,1178.54746408
4,1161.00754784
3,1175.97967704
2,1210.89538416
1,1254.14005416
0,1340.0968616
