Time,Demand
23,1338.41581832
22,1447.65629624
21,1517.66502608
20,1516.00757784
19,1409.16502104
18,1364.42361832
17,1350.37242144
16,1324.15380104
15,1312.35363672
14,1314.8048788
13,1325.44436416
12,1342.39621264
11,1349.247648
10,1365.14318864
9,1397.86263288
8,1405.42878056
7,1335.93233424
6,1190.52708936
5,1121.6372832
4,1119.895042
3,1130.81943184
2,1149.77040248
1,1170.20766576
0,1237.08469976
