Time,Demand
0,1299.19200656
1,1223.14568096
2,1188.87902728
3,1170.93296432
4,1157.53485568
5,1166.81229672
6,1232.7081956
7,1312.75253592
8,1375.69645976
9,1376.05761888
10,1377.98481184
11,1414.53539752
12,1420.02730352
13,1420.95922248
14,1441.46529912
15,1462.71141968
16,1465.28794328
17,1497.51914144
18,1532.82116736
19,1555.52718888
20,1580.08316256
21,1628.71781184
22,1577.3160424
23,1460.55382592
