Time,Demand
0,1246.43594824
1,1181.58646984
2,1137.83187336
3,1106.3963204
4,1085.71205848
5,1088.97784912
6,1109.30851864
7,1162.60341008
8,1188.18850864
9,1215.19981072
10,1240.07369304
11,1243.65582152
12,1219.14201248
13,1204.8746276
14,1180.45773888
15,1162.66756872
16,1161.9883772
17,1177.91587704
18,1217.500872
19,1261.46024144
20,1362.37205272
21,1381.44864536
22,1338.29822336
23,1266.65638904
