Time,Demand
23,1352.0767904
22,1462.1306252
21,1531.76344216
20,1541.67279616
19,1461.74074144
18,1423.1677712
17,1400.9401588
16,1414.2648996
15,1399.28401816
14,1390.0397812
13,1430.72415024
12,1419.7564136
11,1424.80058952
10,1435.19373424
9,1426.70988656
8,1414.19577992
7,1337.73229576
6,1199.47949072
5,1136.30677664
4,1118.45744976
3,1138.31484144
2,1154.820296
1,1193.458672
0,1264.92223592
