Time,Demand
23,1460.0594316
22,1589.82453952
21,1649.93955616
20,1616.33691408
19,1609.520766
18,1598.04292368
17,1579.93174584
16,1540.81347616
15,1532.38258824
14,1512.45555272
13,1470.3894604
12,1459.24032688
11,1458.44226976
10,1460.90672056
9,1447.40091384
8,1398.46372792
7,1310.09875136
6,1223.3155284
5,1167.35457216
4,1145.96732712
3,1152.6550532
2,1178.14336248
1,1211.11199552
0,1286.20259936
