Time,Demand
0,1779.68539112
1,1633.06891384
2,1530.82447952
3,1457.81450304
4,1418.65192728
5,1420.58649656
6,1466.23254512
7,1543.45726808
8,1650.10185088
9,1737.31252464
10,1831.1404104
11,1940.534596
12,2049.13559144
13,2146.72617376
14,2262.99541048
15,2349.78209032
16,2412.20055664
17,2461.19239912
18,2474.21991152
19,2452.55661392
20,2378.27611784
21,2303.27069784
22,2184.76525064
23,1978.55434448
