Time,Demand
0,1315.4177652
1,1249.11215968
2,1232.52228288
3,1199.35519592
4,1190.36526392
5,1207.3382496
6,1263.2181212
7,1338.3961976
8,1427.74058896
9,1456.09780232
10,1462.08643784
11,1468.22938304
12,1473.88768408
13,1481.43749208
14,1504.16988344
15,1537.03296656
16,1581.29535088
17,1612.20958304
18,1629.69479064
19,1636.48535792
20,1641.97417944
21,1664.86762848
22,1620.4342476
23,1492.73563712
