Time,Demand
23,1379.37417072
22,1501.481506
21,1574.886894
20,1535.01394256
19,1478.87656504
18,1460.5296048
17,1456.94821384
16,1432.37031392
15,1418.00853488
14,1408.37428928
13,1400.48018264
12,1395.58598424
11,1378.72628656
10,1383.1617492
9,1389.7811284
8,1379.81023936
7,1319.75276664
6,1215.46173
5,1149.33285432
4,1143.94613368
3,1151.69048568
2,1182.50483792
1,1228.24437456
0,1272.8939048
