Time,Demand
23,1484.82037312
22,1614.93861368
21,1662.9688796
20,1655.71809984
19,1673.18715648
18,1656.76294784
17,1611.26341488
16,1545.26931496
15,1480.62806976
14,1413.79584248
13,1361.23457288
12,1321.83384144
11,1298.64594048
10,1270.03691808
9,1239.3704904
8,1192.39677032
7,1149.58479496
6,1165.95558464
5,1170.5351112
4,1177.40937552
3,1204.47590536
2,1253.64624336
1,1324.09254488
0,1416.16104672
