Time,Demand
23,1386.75579504
22,1481.1546176
21,1518.01085632
20,1488.00231832
19,1475.25810432
18,1446.98367352
17,1393.4831932
16,1319.50244664
15,1266.55859512
14,1224.9848296
13,1196.47992576
12,1177.42664312
11,1164.67813112
10,1153.5052928
9,1142.50912384
8,1113.47485312
7,1094.93646976
6,1113.06116152
5,1113.27873384
4,1114.82450632
3,1137.60357816
2,1172.02655528
1,1218.41953184
0,1281.63082096
