Time,Demand
0,1267.4834508
1,1199.07502736
2,1154.9177584
3,1130.65107456
4,1119.3683564
5,1144.64532672
6,1214.7981496
7,1332.55492272
8,1414.9281776
9,1438.12896136
10,1435.17986192
11,1428.91522536
12,1425.69855792
13,1417.57550984
14,1397.57847992
15,1367.26607472
16,1340.6866172
17,1358.23879744
18,1381.13585624
19,1418.09741584
20,1515.23695848
21,1522.78172536
22,1456.30104032
23,1345.30360272
