Time,Demand
0,1297.17664776
1,1219.25148576
2,1172.8332616
3,1141.55694464
4,1128.27238104
5,1146.63056592
6,1222.96533464
7,1313.56169616
8,1375.00232688
9,1376.99486904
10,1382.43645904
11,1395.232412
12,1391.08994304
13,1410.01399672
14,1425.4287488
15,1438.99074984
16,1455.93480368
17,1483.95213904
18,1489.16315408
19,1486.69591616
20,1522.4186628
21,1564.99041384
22,1513.52622848
23,1417.9366404
