Time,Demand
0,1266.99282416
1,1209.73808424
2,1162.26485704
3,1133.4437884
4,1126.22890632
5,1119.07771416
6,1197.80250856
7,1299.04105632
8,1362.53495616
9,1377.76319016
10,1380.87306392
11,1378.5692144
12,1365.63624736
13,1364.08007848
14,1372.05893664
15,1405.57831848
16,1414.03164168
17,1415.26383712
18,1410.96576488
19,1444.35854136
20,1508.38449216
21,1561.438606
22,1490.70745824
23,1371.84591376
