Time,Demand
0,1341.22504152
1,1260.4087664
2,1206.65602512
3,1179.29137256
4,1167.18832496
5,1187.79352048
6,1247.9140436
7,1326.216738
8,1400.90239632
9,1434.9644736
10,1482.72748456
11,1493.76661728
12,1477.66232992
13,1450.93416328
14,1444.281314
15,1436.45695536
16,1437.20475136
17,1451.3123324
18,1454.56420648
19,1459.8368428
20,1491.908012
21,1537.24305392
22,1511.4612828
23,1421.72177504
