Time,Demand
23,1347.08018816
22,1435.1721216
21,1484.58891728
20,1490.37301784
19,1416.26499952
18,1386.128338
17,1396.1172764
16,1410.38005864
15,1418.80706128
14,1415.39231008
13,1416.20359328
12,1413.26792824
11,1413.47491152
10,1418.94675048
9,1426.51107088
8,1417.81573248
7,1338.63435832
6,1217.3223664
5,1142.93786712
4,1119.48798472
3,1127.57099056
2,1146.99447296
1,1169.5260248
0,1235.86523816
