Time,Demand
23,1307.43022928
22,1400.73639048
21,1445.7036664
20,1381.42368168
19,1316.84411488
18,1274.46796064
17,1230.10937
16,1186.46765048
15,1157.8758184
14,1150.27284512
13,1150.34812368
12,1158.41736696
11,1171.44346872
10,1180.66245304
9,1164.28118016
8,1116.94491104
7,1096.02627624
6,1092.8381128
5,1076.72621056
4,1077.53434152
3,1092.40934376
2,1124.33696368
1,1169.68093872
0,1233.5556856
