Time,Demand
23,1609.0422768
22,1763.97241048
21,1869.8153264
20,1913.69092656
19,1978.90839048
18,1999.60673416
17,1974.86292808
16,1915.70941296
15,1843.64554472
14,1767.9277756
13,1694.43973048
12,1645.4563804
11,1596.77517608
10,1553.01827128
9,1505.32729144
8,1458.89072952
7,1380.79348568
6,1292.96487096
5,1222.53010656
4,1206.9918448
3,1226.73066432
2,1266.79091896
1,1336.39611392
0,1437.4704176
