Time,Demand
23,1421.72177504
22,1511.4612828
21,1537.24305392
20,1491.908012
19,1459.8368428
18,1454.56420648
17,1451.3123324
16,1437.20475136
15,1436.45695536
14,1444.281314
13,1450.93416328
12,1477.66232992
11,1493.76661728
10,1482.72748456
9,1434.9644736
8,1400.90239632
7,1326.216738
6,1247.9140436
5,1187.79352048
4,1167.18832496
3,1179.29137256
2,1206.65602512
1,1260.4087664
0,1341.22504152
