Time,Demand
0,1709.35596272
1,1569.81794928
2,1469.36365016
3,1406.7183368
4,1371.49536328
5,1379.45965024
6,1430.24450968
7,1515.49782832
8,1630.09861896
9,1729.32340336
10,1828.27454208
11,1943.3465884
12,2047.73993536
13,2141.52191232
14,2251.76685216
15,2341.66768752
16,2411.93707664
17,2458.3240024
18,2469.23715416
19,2447.23043544
20,2385.15545128
21,2307.32655944
22,2186.2564304
23,1977.073238
