Time,Demand
0,1233.5556856
1,1169.68093872
2,1124.33696368
3,1092.40934376
4,1077.53434152
5,1076.72621056
6,1092.8381128
7,1096.02627624
8,1116.94491104
9,1164.28118016
10,1180.66245304
11,1171.44346872
12,1158.41736696
13,1150.34812368
14,1150.27284512
15,1157.8758184
16,1186.46765048
17,1230.10937
18,1274.46796064
19,1316.84411488
20,1381.42368168
21,1445.7036664
22,1400.73639048
23,1307.43022928
