Time,Demand
23,1977.073238
22,2186.2564304
21,2307.32655944
20,2385.15545128
19,2447.23043544
18,2469.23715416
17,2458.3240024
16,2411.93707664
15,2341.66768752
14,2251.76685216
13,2141.52191232
12,2047.73993536
11,1943.3465884
10,1828.27454208
9,1729.32340336
8,1630.09861896
7,1515.49782832
6,1430.24450968
5,1379.45965024
4,1371.49536328
3,1406.7183368
2,1469.36365016
1,1569.81794928
0,1709.35596272
