Time,Demand
0,1225.10870216
1,1147.19257408
2,1122.06185896
3,1098.73025584
4,1095.01396816
5,1106.45093104
6,1162.39925536
7,1285.52076576
8,1350.10871352
9,1353.94011256
10,1348.64926
11,1368.48640768
12,1353.6152252
13,1330.06688864
14,1318.28816112
15,1313.6881744
16,1322.68417624
17,1339.1182
18,1350.2308792
19,1391.32679896
20,1466.33150048
21,1488.46338928
22,1442.39813144
23,1340.24734816
