Time,Demand
0,1334.77106672
1,1251.18560112
2,1193.82661104
3,1159.12229664
4,1138.05418664
5,1139.01526928
6,1164.59085456
7,1184.45518016
8,1217.67638216
9,1277.23717576
10,1324.20045352
11,1324.06091944
12,1311.20897992
13,1297.40977856
14,1294.27393312
15,1284.7133572
16,1274.81079656
17,1269.10567896
18,1272.22928392
19,1311.5869144
20,1364.26355072
21,1417.4097112
22,1379.54704944
23,1313.02507224
