Time,Demand
0,1437.4704176
1,1336.39611392
2,1266.79091896
3,1226.73066432
4,1206.9918448
5,1222.53010656
6,1292.96487096
7,1380.79348568
8,1458.89072952
9,1505.32729144
10,1553.01827128
11,1596.77517608
12,1645.4563804
13,1694.43973048
14,1767.9277756
15,1843.64554472
16,1915.70941296
17,1974.86292808
18,1999.60673416
19,1978.90839048
20,1913.69092656
21,1869.8153264
22,1763.97241048
23,1609.0422768
