Time,Demand
23,1811.7868748
22,1951.9206084
21,2016.13272784
20,2069.87874912
19,2119.8280488
18,2114.2782416
17,2077.18772744
16,2012.5646576
15,1934.38924896
14,1855.93956688
13,1765.85112872
12,1673.1239952
11,1603.74206888
10,1534.31886552
9,1451.63566912
8,1369.23323992
7,1319.79958768
6,1313.47542648
5,1313.97551936
4,1323.08647632
3,1361.51839712
2,1429.58378528
1,1523.90012656
0,1655.71004592
