Time,Demand
0,1161.39148328
1,1099.25058712
2,1062.30668936
3,1037.21888144
4,1040.56854776
5,1072.94231072
6,1156.40716856
7,1277.38075248
8,1350.8082476
9,1355.24831568
10,1336.1073964
11,1319.13263552
12,1317.35543072
13,1324.8568676
14,1340.666124
15,1355.80220664
16,1360.33110808
17,1366.8626832
18,1395.73169344
19,1438.78723464
20,1515.91080816
21,1539.11324392
22,1468.45884248
23,1353.30714008
