Time,Demand
23,1359.86950288
22,1473.01304752
21,1537.50268
20,1541.69532496
19,1465.57391568
18,1440.60241192
17,1435.1807568
16,1428.96215616
15,1424.14487376
14,1422.6739408
13,1397.39641552
12,1396.80524928
11,1416.71811568
10,1399.78821304
9,1404.28433768
8,1384.02500208
7,1321.71824064
6,1206.95615152
5,1128.16491144
4,1106.48262536
3,1112.86355432
2,1138.41044912
1,1181.83086448
0,1247.39505184
