Time,Demand
0,1242.7934484
1,1169.5097568
2,1152.13827344
3,1125.03539792
4,1114.56257976
5,1142.71964408
6,1192.80355096
7,1273.0615548
8,1320.13745192
9,1333.67643416
10,1351.05206432
11,1313.76811776
12,1289.25477408
13,1267.77693112
14,1257.56687
15,1254.7457412
16,1260.6721204
17,1291.7600416
18,1327.4386356
19,1350.53488472
20,1427.06056024
21,1469.50458592
22,1429.38381544
23,1336.61560816
