Time,Demand
0,1459.4809964
1,1348.367636
2,1280.75064936
3,1235.54067672
4,1209.13155384
5,1226.87843992
6,1295.61993848
7,1390.00643656
8,1468.96994888
9,1509.84155896
10,1559.64975488
11,1606.28275528
12,1656.8834716
13,1706.92461968
14,1773.06395728
15,1829.54082136
16,1874.73309744
17,1903.97744152
18,1896.21580848
19,1854.99609624
20,1822.35814992
21,1812.6759028
22,1709.23670848
23,1552.31508712
