Time,Demand
0,1655.71004592
1,1523.90012656
2,1429.58378528
3,1361.51839712
4,1323.08647632
5,1313.97551936
6,1313.47542648
7,1319.79958768
8,1369.23323992
9,1451.63566912
10,1534.31886552
11,1603.74206888
12,1673.1239952
13,1765.85112872
14,1855.93956688
15,1934.38924896
16,2012.5646576
17,2077.18772744
18,2114.2782416
19,2119.8280488
20,2069.87874912
21,2016.13272784
22,1951.9206084
23,1811.7868748
