Time,Demand
23,1398.9175564
22,1521.96531536
21,1574.10308552
20,1537.81071024
19,1528.88709008
18,1501.0393916
17,1444.40947728
16,1401.03402376
15,1373.5676304
14,1326.84173664
13,1294.48608744
12,1283.76962672
11,1271.69367192
10,1245.00688928
9,1207.85399168
8,1171.70402832
7,1142.98066792
6,1136.98892664
5,1116.0332792
4,1111.4112072
3,1132.10269144
2,1170.77947392
1,1217.15426168
0,1285.13142128
