Time,Demand
23,1386.22023232
22,1503.46968296
21,1574.70380816
20,1526.27366864
19,1471.93097968
18,1448.67497152
17,1432.98522584
16,1410.2967956
15,1400.77321328
14,1393.3850364
13,1380.72681152
12,1396.60601808
11,1403.84155912
10,1401.25016976
9,1376.20678104
8,1365.58786728
7,1306.745832
6,1210.38911392
5,1152.94392304
4,1130.14415528
3,1145.0244708
2,1175.68905888
1,1230.91486448
0,1281.72783088
