Time,Demand
23,1311.98450768
22,1428.11735584
21,1512.06461672
20,1501.79076208
19,1390.5247692
18,1326.75885944
17,1317.67307616
16,1304.4599092
15,1300.64115888
14,1305.4307252
13,1319.12759384
12,1340.31691136
11,1357.081768
10,1357.23859488
9,1376.6904956
8,1359.8105864
7,1289.6463048
6,1148.27838272
5,1081.13445888
4,1062.54152704
3,1059.95428728
2,1070.85671504
1,1103.339692
0,1153.44843824
