Time,Demand
0,1425.9467348
1,1320.0342624
2,1244.83306752
3,1190.14584584
4,1154.74325288
5,1141.70423584
6,1138.55172928
7,1121.76828176
8,1174.75925672
9,1223.8688336
10,1268.45808488
11,1323.17936856
12,1388.94667744
13,1461.49144512
14,1542.30403264
15,1596.72912504
16,1674.52533808
17,1747.61531336
18,1811.12141168
19,1830.40555712
20,1794.41543792
21,1781.64237384
22,1701.62776672
23,1550.5127708
