Time,Demand
0,1256.03415784
1,1180.50345672
2,1127.40515328
3,1093.67925352
4,1080.03181384
5,1083.19221696
6,1114.49567992
7,1158.08356104
8,1176.89056128
9,1210.7464152
10,1258.33558984
11,1273.70240256
12,1237.64950288
13,1201.4343964
14,1177.08945704
15,1169.56734048
16,1166.80798192
17,1191.26057736
18,1205.41062096
19,1255.79956656
20,1354.73297568
21,1401.7042844
22,1365.11602752
23,1289.53813296
