Time,Demand
23,1345.30360272
22,1456.30104032
21,1522.78172536
20,1515.23695848
19,1418.09741584
18,1381.13585624
17,1358.23879744
16,1340.6866172
15,1367.26607472
14,1397.57847992
13,1417.57550984
12,1425.69855792
11,1428.91522536
10,1435.17986192
9,1438.12896136
8,1414.9281776
7,1332.55492272
6,1214.7981496
5,1144.64532672
4,1119.3683564
3,1130.65107456
2,1154.9177584
1,1199.07502736
0,1267.4834508
