Time,Demand
0,1247.39505184
1,1181.83086448
2,1138.41044912
3,1112.86355432
4,1106.48262536
5,1128.16491144
6,1206.95615152
7,1321.71824064
8,1384.02500208
9,1404.28433768
10,1399.78821304
11,1416.71811568
12,1396.80524928
13,1397.39641552
14,1422.6739408
15,1424.14487376
16,1428.96215616
17,1435.1807568
18,1440.60241192
19,1465.57391568
20,1541.69532496
21,1537.50268
22,1473.01304752
23,1359.86950288
