Time,Demand
0,1233.05288456
1,1179.108756
2,1139.70827712
3,1116.68889752
4,1110.09343144
5,1135.94621336
6,1205.0192028
7,1317.0669064
8,1397.8649916
9,1431.54579288
10,1437.44722744
11,1447.07166016
12,1435.06161736
13,1429.16961208
14,1430.70757368
15,1429.63875488
16,1434.58654416
17,1440.13413376
18,1449.76778912
19,1466.27678736
20,1526.60751208
21,1562.21400944
22,1491.11548096
23,1370.44061952
