Time,Demand
23,1332.89921856
22,1444.87918792
21,1516.66052944
20,1507.61704968
19,1418.7465208
18,1377.68918336
17,1359.8364696
16,1358.07788368
15,1337.72233672
14,1328.79181848
13,1325.21034072
12,1340.56924512
11,1335.95256816
10,1343.16089544
9,1371.76568648
8,1385.60683072
7,1324.2608596
6,1185.9854608
5,1100.53911632
4,1065.69690416
3,1071.70044184
2,1105.47557064
1,1134.80721816
0,1201.79350816
