Time,Demand
23,1499.8634616
22,1640.2476412
21,1706.93125344
20,1693.53048368
19,1708.34354096
18,1716.94064864
17,1708.1867208
16,1695.02394208
15,1669.57145096
14,1640.94587944
13,1608.9293052
12,1591.07097576
11,1565.05769784
10,1533.23870392
9,1500.62188024
8,1468.55359056
7,1384.6574056
6,1301.92171592
5,1242.41637968
4,1229.44070144
3,1253.88263
2,1298.85290416
1,1374.27623592
0,1483.84823888
