Time,Demand
0,1416.16104672
1,1324.09254488
2,1253.64624336
3,1204.47590536
4,1177.40937552
5,1170.5351112
6,1165.95558464
7,1149.58479496
8,1192.39677032
9,1239.3704904
10,1270.03691808
11,1298.64594048
12,1321.83384144
13,1361.23457288
14,1413.79584248
15,1480.62806976
16,1545.26931496
17,1611.26341488
18,1656.76294784
19,1673.18715648
20,1655.71809984
21,1662.9688796
22,1614.93861368
23,1484.82037312
