Time,Demand
0,1237.08469976
1,1170.20766576
2,1149.77040248
3,1130.81943184
4,1119.895042
5,1121.6372832
6,1190.52708936
7,1335.93233424
8,1405.42878056
9,1397.86263288
10,1365.14318864
11,1349.247648
12,1342.39621264
13,1325.44436416
14,1314.8048788
15,1312.35363672
16,1324.15380104
17,1350.37242144
18,1364.42361832
19,1409.16502104
20,1516.00757784
21,1517.66502608
22,1447.65629624
23,1338.41581832
