Time,Demand
0,1261.51588024
1,1204.20452432
2,1146.33809976
3,1111.58564608
4,1093.4451864
5,1093.45578496
6,1106.58352336
7,1093.85561992
8,1112.46834496
9,1145.07165808
10,1140.59706768
11,1127.65501352
12,1109.9139464
13,1097.145392
14,1101.92532464
15,1118.42909808
16,1149.20388128
17,1192.90190208
18,1239.74073104
19,1289.51157384
20,1346.18067976
21,1425.60007744
22,1401.53052088
23,1315.35847184
