Time,Demand
0,1276.48721648
1,1191.1792648
2,1137.26635344
3,1099.8547756
4,1078.9232048
5,1080.33628808
6,1095.94294544
7,1096.78652216
8,1128.5011752
9,1154.13265184
10,1164.58624744
11,1179.96079768
12,1192.91563888
13,1215.1397356
14,1246.0651896
15,1275.38315408
16,1312.63114808
17,1368.43015344
18,1440.5381592
19,1487.80583672
20,1520.1622492
21,1558.9113288
22,1496.20043384
23,1380.6877364
