Time,Demand
0,1240.99359104
1,1166.48630112
2,1133.56353152
3,1104.98795232
4,1087.55672984
5,1095.4813968
6,1114.8156348
7,1140.70755736
8,1159.0402516
9,1186.11821496
10,1209.13218216
11,1197.2979116
12,1176.02070656
13,1169.50625568
14,1167.84366048
15,1180.76425936
16,1207.21866664
17,1242.7575328
18,1272.16979456
19,1315.69920104
20,1387.24561192
21,1425.7388152
22,1382.65231944
23,1304.54320528
