Time,Demand
0,1259.36134576
1,1214.14136536
2,1181.60250936
3,1155.17169768
4,1143.44762784
5,1167.9507168
6,1227.78259184
7,1320.2280168
8,1375.05035976
9,1393.49241528
10,1393.0368256
11,1373.34776936
12,1390.7439672
13,1392.26686592
14,1384.75846432
15,1370.3702292
16,1367.68835504
17,1377.72772312
18,1380.54762664
19,1406.39762144
20,1484.03234728
21,1521.19021992
22,1458.42408432
23,1353.26375072
