Time,Demand
23,1412.0866676
22,1520.35026024
21,1594.18502544
20,1550.56110608
19,1502.94889472
18,1480.15735
17,1444.80195272
16,1451.7003116
15,1456.38526936
14,1438.89064872
13,1414.37126432
12,1405.08947824
11,1409.21805024
10,1402.58766704
9,1367.158072
8,1349.6770756
7,1289.14875264
6,1191.913282
5,1120.43418368
4,1107.16598888
3,1114.57101056
2,1124.26308288
1,1182.17139152
0,1264.01418528
