Time,Demand
23,1588.96491376
22,1756.7867548
21,1857.82361632
20,1849.10770576
19,1863.35518488
18,1865.09344336
17,1836.96483376
16,1782.05200656
15,1722.97751864
14,1670.61045032
13,1604.65661552
12,1563.22498192
11,1526.93027704
10,1487.92838936
9,1456.43235584
8,1418.11573904
7,1340.98135808
6,1255.1541324
5,1184.37156992
4,1165.65866592
3,1184.66525296
2,1223.50222848
1,1282.88383216
0,1375.71877184
