Time,Demand
23,1261.41016456
22,1354.65199576
21,1402.61615032
20,1357.61607968
19,1252.62006856
18,1169.88791584
17,1117.7166588
16,1077.2102824
15,1055.58402992
14,1067.38500848
13,1081.63371176
12,1101.33900744
11,1123.9659228
10,1135.19979328
9,1136.88988224
8,1113.18643576
7,1107.1550056
6,1078.13403432
5,1058.47383376
4,1050.31631936
3,1060.6594124
2,1083.45931568
1,1124.85376584
0,1196.89095064
