Time,Demand
23,1332.49295984
22,1451.76658144
21,1523.46336296
20,1512.0050456
19,1434.40099992
18,1395.90103688
17,1361.53919944
16,1334.75754216
15,1325.09172096
14,1317.8698652
13,1309.45811136
12,1320.69286888
11,1310.44569152
10,1323.73667048
9,1347.19277056
8,1344.43912848
7,1281.3428908
6,1156.24117056
5,1077.83301136
4,1057.167986
3,1071.35036512
2,1086.68718648
1,1104.25923272
0,1174.23909288
