Time,Demand
0,1264.01418528
1,1182.17139152
2,1124.26308288
3,1114.57101056
4,1107.16598888
5,1120.43418368
6,1191.913282
7,1289.14875264
8,1349.6770756
9,1367.158072
10,1402.58766704
11,1409.21805024
12,1405.08947824
13,1414.37126432
14,1438.89064872
15,1456.38526936
16,1451.7003116
17,1444.80195272
18,1480.15735
19,1502.94889472
20,1550.56110608
21,1594.18502544
22,1520.35026024
23,1412.0866676
