Time,Demand
0,1310.355648
1,1231.81867144
2,1176.63171416
3,1137.7576112
4,1114.82895776
5,1109.35630232
6,1113.61995304
7,1121.41763944
8,1137.69987744
9,1162.61344248
10,1186.25215856
11,1198.39772248
12,1197.8712984
13,1170.22598672
14,1162.68231016
15,1156.86182752
16,1181.30370904
17,1232.1995672
18,1293.92334848
19,1352.44702488
20,1394.39037192
21,1456.01615712
22,1440.67282464
23,1348.44001936
