Time,Demand
23,1712.64983456
22,1872.67436328
21,1942.84887776
20,1973.28031264
19,2015.55697448
18,2015.62473672
17,1983.92890416
16,1923.1832452
15,1848.2532684
14,1777.71952456
13,1707.39135896
12,1636.87753824
11,1586.47910008
10,1527.68082936
9,1483.98550328
8,1438.3488728
7,1360.18820896
6,1292.86436944
5,1250.47610128
4,1235.7261952
3,1255.60449336
2,1303.8859624
1,1376.01904048
0,1484.99652728
