Time,Demand
0,1281.5045936
1,1220.58773536
2,1171.70288032
3,1138.60657568
4,1139.1994404
5,1162.84655256
6,1209.69341528
7,1305.4494796
8,1361.97130888
9,1372.02337048
10,1366.2556236
11,1381.30540744
12,1414.6129228
13,1429.22709216
14,1461.96961512
15,1509.15515408
16,1527.94477136
17,1547.12941152
18,1581.49551112
19,1588.54635296
20,1608.60541632
21,1630.6562188
22,1555.70886408
23,1443.81773816
