Time,Demand
23,1304.54320528
22,1382.65231944
21,1425.7388152
20,1387.24561192
19,1315.69920104
18,1272.16979456
17,1242.7575328
16,1207.21866664
15,1180.76425936
14,1167.84366048
13,1169.50625568
12,1176.02070656
11,1197.2979116
10,1209.13218216
9,1186.11821496
8,1159.0402516
7,1140.70755736
6,1114.8156348
5,1095.4813968
4,1087.55672984
3,1104.98795232
2,1133.56353152
1,1166.48630112
0,1240.99359104
