Time,Demand
0,1431.23358224
1,1346.09074264
2,1296.93848592
3,1270.98419056
4,1262.21624424
5,1261.63902536
6,1286.0769404
7,1347.1414152
8,1428.97367144
9,1475.67460264
10,1498.6352416
11,1534.5910468
12,1553.7245892
13,1564.41174512
14,1602.2426336
15,1640.25912512
16,1679.14013288
17,1701.33336016
18,1717.8062132
19,1717.52898856
20,1713.84837624
21,1723.93379312
22,1668.97205384
23,1539.50053376
