Time,Demand
23,1282.38068
22,1388.24094864
21,1455.30206696
20,1424.55163088
19,1333.3998524
18,1268.45935104
17,1212.79450264
16,1145.43159976
15,1114.89283416
14,1093.90773016
13,1082.21489656
12,1085.88436712
11,1090.37459888
10,1100.66188512
9,1087.16943216
8,1072.47370664
7,1069.44154128
6,1045.94905688
5,1024.57014744
4,1028.60057664
3,1045.46914696
2,1079.19057344
1,1128.53464136
0,1194.53449808
