Time,Demand
23,1492.73563712
22,1620.4342476
21,1664.86762848
20,1641.97417944
19,1636.48535792
18,1629.69479064
17,1612.20958304
16,1581.29535088
15,1537.03296656
14,1504.16988344
13,1481.43749208
12,1473.88768408
11,1468.22938304
10,1462.08643784
9,1456.09780232
8,1427.74058896
7,1338.3961976
6,1263.2181212
5,1207.3382496
4,1190.36526392
3,1199.35519592
2,1232.52228288
1,1249.11215968
0,1315.4177652
