Time,Demand
23,1315.35847184
22,1401.53052088
21,1425.60007744
20,1346.18067976
19,1289.51157384
18,1239.74073104
17,1192.90190208
16,1149.20388128
15,1118.42909808
14,1101.92532464
13,1097.145392
12,1109.9139464
11,1127.65501352
10,1140.59706768
9,1145.07165808
8,1112.46834496
7,1093.85561992
6,1106.58352336
5,1093.45578496
4,1093.4451864
3,1111.58564608
2,1146.33809976
1,1204.20452432
0,1261.51588024
