Time,Demand
0,1283.97382792
1,1230.5175736
2,1186.67841376
3,1160.15968992
4,1152.1847988
5,1179.33052832
6,1233.30692128
7,1318.85347832
8,1392.47201128
9,1403.99365736
10,1434.0350864
11,1451.8224532
12,1442.688506
13,1434.30292152
14,1441.74988048
15,1435.65862104
16,1441.58311864
17,1450.84011688
18,1447.8349228
19,1459.01401576
20,1505.85746416
21,1564.7923648
22,1519.09913008
23,1408.25980792
