Time,Demand
0,1286.20259936
1,1211.11199552
2,1178.14336248
3,1152.6550532
4,1145.96732712
5,1167.35457216
6,1223.3155284
7,1310.09875136
8,1398.46372792
9,1447.40091384
10,1460.90672056
11,1458.44226976
12,1459.24032688
13,1470.3894604
14,1512.45555272
15,1532.38258824
16,1540.81347616
17,1579.93174584
18,1598.04292368
19,1609.520766
20,1616.33691408
21,1649.93955616
22,1589.82453952
23,1460.0594316
