Time,Demand
0,1187.79657248
1,1128.53363448
2,1095.89270056
3,1078.67674768
4,1049.04870616
5,1043.91456568
6,1056.12905216
7,1088.47594184
8,1106.59003392
9,1161.63069792
10,1183.15489376
11,1181.32648312
12,1161.2325592
13,1147.6275356
14,1143.8912996
15,1140.55057368
16,1157.67257872
17,1195.76657592
18,1233.83545264
19,1294.13899944
20,1393.35595112
21,1407.84190736
22,1345.23822272
23,1249.99257824
