Time,Demand
23,1552.31508712
22,1709.23670848
21,1812.6759028
20,1822.35814992
19,1854.99609624
18,1896.21580848
17,1903.97744152
16,1874.73309744
15,1829.54082136
14,1773.06395728
13,1706.92461968
12,1656.8834716
11,1606.28275528
10,1559.64975488
9,1509.84155896
8,1468.96994888
7,1390.00643656
6,1295.61993848
5,1226.87843992
4,1209.13155384
3,1235.54067672
2,1280.75064936
1,1348.367636
0,1459.4809964
