Time,Demand
0,1227.66778456
1,1151.0730448
2,1105.87077496
3,1077.99697768
4,1064.33830104
5,1093.32599936
6,1182.01697656
7,1312.50219632
8,1377.07269952
9,1371.94952944
10,1345.96264096
11,1328.62512048
12,1322.031004
13,1313.66213216
14,1339.36303592
15,1369.53418728
16,1394.69396976
17,1424.57384384
18,1456.51852584
19,1479.1046788
20,1557.13805688
21,1566.67774872
22,1488.95055456
23,1366.57513888
