Time,Demand
0,1194.53449808
1,1128.53464136
2,1079.19057344
3,1045.46914696
4,1028.60057664
5,1024.57014744
6,1045.94905688
7,1069.44154128
8,1072.47370664
9,1087.16943216
10,1100.66188512
11,1090.37459888
12,1085.88436712
13,1082.21489656
14,1093.90773016
15,1114.89283416
16,1145.43159976
17,1212.79450264
18,1268.45935104
19,1333.3998524
20,1424.55163088
21,1455.30206696
22,1388.24094864
23,1282.38068
