Time,Demand
0,1553.64564488
1,1441.20245752
2,1371.54984904
3,1319.63251112
4,1293.28472336
5,1303.86970896
6,1337.02934176
7,1394.01782968
8,1487.02381912
9,1558.655266
10,1626.81200584
11,1706.95538776
12,1784.46997904
13,1858.08167664
14,1962.28273696
15,2050.77798296
16,2127.90963224
17,2172.82006928
18,2193.15492368
19,2174.76273392
20,2118.85829848
21,2060.09436248
22,1983.57322744
23,1821.7571036
