Time,Demand
23,1381.68234232
22,1505.78226288
21,1573.10974296
20,1530.00847384
19,1501.71879312
18,1492.77817584
17,1493.24531384
16,1485.8566464
15,1496.82136352
14,1478.43461864
13,1458.51412616
12,1466.35387696
11,1455.24810368
10,1419.99372256
9,1399.879124
8,1374.42191992
7,1303.20287216
6,1197.2073988
5,1119.37089152
4,1095.61426296
3,1103.75673576
2,1131.48892248
1,1174.4052376
0,1252.70219032
