Time,Demand
0,1453.4098124
1,1350.85442016
2,1282.93474232
3,1237.39934192
4,1209.3004168
5,1203.9941312
6,1216.29608072
7,1228.87298968
8,1279.0121764
9,1318.16009472
10,1360.85300064
11,1409.45985208
12,1455.71303472
13,1503.48992696
14,1548.32127072
15,1578.49483288
16,1613.96725728
17,1671.45985048
18,1712.17769296
19,1717.91240712
20,1704.51576344
21,1700.01991488
22,1648.0805628
23,1537.465006
