Time,Demand
0,1272.8939048
1,1228.24437456
2,1182.50483792
3,1151.69048568
4,1143.94613368
5,1149.33285432
6,1215.46173
7,1319.75276664
8,1379.81023936
9,1389.7811284
10,1383.1617492
11,1378.72628656
12,1395.58598424
13,1400.48018264
14,1408.37428928
15,1418.00853488
16,1432.37031392
17,1456.94821384
18,1460.5296048
19,1478.87656504
20,1535.01394256
21,1574.886894
22,1501.481506
23,1379.37417072
