Time,Demand
23,1454.41779056
22,1566.3688012
21,1615.02587904
20,1569.11015464
19,1539.636504
18,1525.10450904
17,1527.90668016
16,1505.24021648
15,1481.85450896
14,1470.65296224
13,1477.07409528
12,1494.25596544
11,1503.5646668
10,1486.96751112
9,1448.02412776
8,1422.83002232
7,1349.55669912
6,1265.35371032
5,1199.02216392
4,1184.11289192
3,1200.83480832
2,1240.16287248
1,1302.70260176
0,1382.30970696
