Time,Demand
0,1311.0284124
1,1243.41957824
2,1185.70857216
3,1149.03434464
4,1133.39170112
5,1133.71994288
6,1162.38560704
7,1178.8786212
8,1207.48428416
9,1236.98492848
10,1272.07709552
11,1278.3026984
12,1273.10851752
13,1282.19373184
14,1295.33844272
15,1319.6275512
16,1350.46750776
17,1387.6348836
18,1431.4557852
19,1471.78682224
20,1495.85995944
21,1533.86394392
22,1466.82234832
23,1381.95996736
