Time,Demand
23,1417.13894336
22,1511.35223344
21,1549.71876416
20,1489.67899024
19,1459.23836408
18,1440.41454312
17,1438.72166424
16,1435.81599056
15,1431.66271752
14,1427.75553872
13,1401.55430016
12,1402.48433528
11,1414.10801056
10,1426.05704696
9,1419.41762256
8,1398.53351512
7,1324.92357032
6,1236.61933192
5,1167.89575392
4,1149.858682
3,1161.84970272
2,1192.50793032
1,1251.3506992
0,1343.91826856
