Time,Demand
23,1375.5000756
22,1492.91898112
21,1557.66972424
20,1536.3796672
19,1478.20830416
18,1454.14643416
17,1431.49705664
16,1418.91976968
15,1402.34413816
14,1391.6268744
13,1372.13153504
12,1385.23109312
11,1384.7261876
10,1373.85911712
9,1372.4683588
8,1368.27598824
7,1313.08456104
6,1204.07364672
5,1143.98291224
4,1119.4634948
3,1128.66629792
2,1148.11960928
1,1179.24778944
0,1248.7862324
