Time,Demand
23,1336.61560816
22,1429.38381544
21,1469.50458592
20,1427.06056024
19,1350.53488472
18,1327.4386356
17,1291.7600416
16,1260.6721204
15,1254.7457412
14,1257.56687
13,1267.77693112
12,1289.25477408
11,1313.76811776
10,1351.05206432
9,1333.67643416
8,1320.13745192
7,1273.0615548
6,1192.80355096
5,1142.71964408
4,1114.56257976
3,1125.03539792
2,1152.13827344
1,1169.5097568
0,1242.7934484
