Time,Demand
0,1281.72783088
1,1230.91486448
2,1175.68905888
3,1145.0244708
4,1130.14415528
5,1152.94392304
6,1210.38911392
7,1306.745832
8,1365.58786728
9,1376.20678104
10,1401.25016976
11,1403.84155912
12,1396.60601808
13,1380.72681152
14,1393.3850364
15,1400.77321328
16,1410.2967956
17,1432.98522584
18,1448.67497152
19,1471.93097968
20,1526.27366864
21,1574.70380816
22,1503.46968296
23,1386.22023232
