Time,Demand
23,1533.42141344
22,1662.92528752
21,1703.2234324
20,1683.45945096
19,1676.75775512
18,1650.44946472
17,1614.24255944
16,1568.0151816
15,1517.42076472
14,1478.20120728
13,1439.17507216
12,1429.96480536
11,1421.27167392
10,1410.18789408
9,1397.53390728
8,1368.71922376
7,1305.69537784
6,1245.10587152
5,1189.61136056
4,1169.50583232
3,1181.7426376
2,1214.8198804
1,1265.99788896
0,1341.53693184
