Time,Demand
23,1978.55434448
22,2184.76525064
21,2303.27069784
20,2378.27611784
19,2452.55661392
18,2474.21991152
17,2461.19239912
16,2412.20055664
15,2349.78209032
14,2262.99541048
13,2146.72617376
12,2049.13559144
11,1940.534596
10,1831.1404104
9,1737.31252464
8,1650.10185088
7,1543.45726808
6,1466.23254512
5,1420.58649656
4,1418.65192728
3,1457.81450304
2,1530.82447952
1,1633.06891384
0,1779.68539112
