Time,Demand
0,1389.31608032
1,1296.26316568
2,1227.81885072
3,1181.96684704
4,1149.75032536
5,1151.78692216
6,1170.86484144
7,1177.73993624
8,1235.2827368
9,1298.4051528
10,1329.4236564
11,1373.31348392
12,1419.13119376
13,1471.95752592
14,1530.15239776
15,1574.96510528
16,1635.31903192
17,1696.77352488
18,1753.3986232
19,1778.5491612
20,1752.41386824
21,1743.31643808
22,1686.10831704
23,1560.23789992
