Time,Demand
0,1340.0968616
1,1254.14005416
2,1210.89538416
3,1175.97967704
4,1161.00754784
5,1178.54746408
6,1242.90663952
7,1307.79575024
8,1373.49277464
9,1422.33117208
10,1455.0091332
11,1456.82144776
12,1453.77253504
13,1462.36039432
14,1468.77956736
15,1482.00555552
16,1481.73210304
17,1486.38892192
18,1495.1678616
19,1530.39036584
20,1555.87243672
21,1602.55868808
22,1558.5750572
23,1437.3112796
