Time,Demand
0,1319.9178272
1,1240.22307248
2,1179.91748952
3,1141.5728632
4,1125.7335096
5,1125.64486832
6,1141.80297168
7,1146.0183252
8,1180.92030728
9,1223.03660248
10,1228.91542928
11,1222.77313144
12,1209.1795156
13,1205.18744976
14,1214.00108088
15,1230.3744236
16,1267.14527352
17,1321.37297096
18,1374.51922832
19,1412.00056144
20,1428.00848568
21,1468.86821816
22,1453.1363756
23,1369.98999928
