Time,Demand
23,1513.97446424
22,1612.7516244
21,1641.28222776
20,1623.98523224
19,1629.29870768
18,1616.74959936
17,1603.61227712
16,1576.65939648
15,1553.15456744
14,1530.73630976
13,1506.13774864
12,1501.18032288
11,1495.75845328
10,1485.16011112
9,1466.78993328
8,1422.28516024
7,1349.80188336
6,1282.02887736
5,1224.75495632
4,1203.99777568
3,1216.32655984
2,1252.84871544
1,1305.75415992
0,1395.49057928
