Time,Demand
23,1457.54331016
22,1572.31681544
21,1588.92378176
20,1550.92582512
19,1531.81043456
18,1509.03363744
17,1487.43490784
16,1462.42564832
15,1440.48082808
14,1428.12231856
13,1419.05577128
12,1412.92283944
11,1422.68605864
10,1407.20610016
9,1374.9776376
8,1338.08103072
7,1268.56006144
6,1199.26051112
5,1144.26573296
4,1113.3112592
3,1117.35000944
2,1141.89972624
1,1180.4414104
0,1246.95805024
