Time,Demand
0,1284.64034384
1,1216.13624944
2,1173.1275556
3,1122.28210136
4,1116.419906
5,1110.63599416
6,1119.93899696
7,1119.53118368
8,1131.15220232
9,1141.61271784
10,1151.17498216
11,1156.60199648
12,1167.00844456
13,1176.38222016
14,1194.28729504
15,1220.72208776
16,1256.00379576
17,1306.77153096
18,1347.92272384
19,1381.92296368
20,1442.71882328
21,1485.24379752
22,1429.9590424
23,1338.01356528
