Time,Demand
23,1427.47780616
22,1549.40117752
21,1610.95071536
20,1571.11516016
19,1531.17490064
18,1495.98118096
17,1451.24750176
16,1425.54733272
15,1409.02420288
14,1400.80705576
13,1384.22207952
12,1367.09620656
11,1376.89582464
10,1378.33208128
9,1385.91884312
8,1376.30374616
7,1307.0754032
6,1202.48494408
5,1122.59903168
4,1087.83349416
3,1088.6042272
2,1107.64796128
1,1148.91397152
0,1215.83375256
