Time,Demand
0,1167.82735608
1,1124.05887832
2,1115.8449092
3,1098.3438284
4,1093.59062848
5,1118.20425248
6,1180.32368608
7,1279.5205108
8,1358.48056512
9,1404.1323016
10,1417.42434792
11,1427.70819352
12,1438.88916584
13,1438.56434904
14,1447.39059192
15,1457.99724056
16,1458.3247364
17,1481.54663104
18,1512.11879616
19,1525.71581008
20,1574.9114332
21,1598.25063608
22,1522.13296592
23,1398.19392776
