Time,Demand
23,1634.3531876
22,1784.32983232
21,1848.06699336
20,1867.04749728
19,1892.50228944
18,1888.59609008
17,1849.98094568
16,1791.29161288
15,1723.6403156
14,1659.65039632
13,1588.74115176
12,1552.3712456
11,1516.1273764
10,1477.65606576
9,1440.85179896
8,1406.16210728
7,1331.08753848
6,1265.67289744
5,1215.227272
4,1198.19646576
3,1213.10513408
2,1254.0032512
1,1311.13481352
0,1410.09405376
