Time,Demand
23,1407.49959056
22,1510.09620272
21,1552.23095328
20,1494.9452308
19,1456.24372936
18,1454.34140376
17,1432.31146464
16,1416.50121704
15,1410.97382552
14,1411.510506
13,1411.7044256
12,1430.63316368
11,1444.07226544
10,1418.1687828
9,1408.91403632
8,1398.17958
7,1325.95560496
6,1237.67090048
5,1184.19064624
4,1163.6314536
3,1170.7299184
2,1198.97914304
1,1230.16647432
0,1294.87097656
