Time,Demand
0,1294.87097656
1,1230.16647432
2,1198.97914304
3,1170.7299184
4,1163.6314536
5,1184.19064624
6,1237.67090048
7,1325.95560496
8,1398.17958
9,1408.91403632
10,1418.1687828
11,1444.07226544
12,1430.63316368
13,1411.7044256
14,1411.510506
15,1410.97382552
16,1416.50121704
17,1432.31146464
18,1454.34140376
19,1456.24372936
20,1494.9452308
21,1552.23095328
22,1510.09620272
23,1407.49959056
