Time,Demand
23,1358.28388976
22,1469.59848784
21,1551.02486504
20,1556.82650312
19,1500.84580688
18,1485.22294648
17,1479.68140712
16,1482.93239696
15,1466.95204264
14,1473.07237672
13,1467.1682396
12,1451.68398312
11,1436.92290952
10,1435.08638616
9,1435.18248608
8,1394.28202256
7,1318.89871456
6,1201.13057288
5,1119.66988616
4,1096.71545536
3,1109.35430144
2,1140.04191504
1,1198.38363848
0,1279.969684
