Time,Demand
23,1249.99257824
22,1345.23822272
21,1407.84190736
20,1393.35595112
19,1294.13899944
18,1233.83545264
17,1195.76657592
16,1157.67257872
15,1140.55057368
14,1143.8912996
13,1147.6275356
12,1161.2325592
11,1181.32648312
10,1183.15489376
9,1161.63069792
8,1106.59003392
7,1088.47594184
6,1056.12905216
5,1043.91456568
4,1049.04870616
3,1078.67674768
2,1095.89270056
1,1128.53363448
0,1187.79657248
