Time,Demand
0,1343.91826856
1,1251.3506992
2,1192.50793032
3,1161.84970272
4,1149.858682
5,1167.89575392
6,1236.61933192
7,1324.92357032
8,1398.53351512
9,1419.41762256
10,1426.05704696
11,1414.10801056
12,1402.48433528
13,1401.55430016
14,1427.75553872
15,1431.66271752
16,1435.81599056
17,1438.72166424
18,1440.41454312
19,1459.23836408
20,1489.67899024
21,1549.71876416
22,1511.35223344
23,1417.13894336
