Time,Demand
23,1537.465006
22,1648.0805628
21,1700.01991488
20,1704.51576344
19,1717.91240712
18,1712.17769296
17,1671.45985048
16,1613.96725728
15,1578.49483288
14,1548.32127072
13,1503.48992696
12,1455.71303472
11,1409.45985208
10,1360.85300064
9,1318.16009472
8,1279.0121764
7,1228.87298968
6,1216.29608072
5,1203.9941312
4,1209.3004168
3,1237.39934192
2,1282.93474232
1,1350.85442016
0,1453.4098124
