Time,Demand
0,1410.09405376
1,1311.13481352
2,1254.0032512
3,1213.10513408
4,1198.19646576
5,1215.227272
6,1265.67289744
7,1331.08753848
8,1406.16210728
9,1440.85179896
10,1477.65606576
11,1516.1273764
12,1552.3712456
13,1588.74115176
14,1659.65039632
15,1723.6403156
16,1791.29161288
17,1849.98094568
18,1888.59609008
19,1892.50228944
20,1867.04749728
21,1848.06699336
22,1784.32983232
23,1634.3531876
