Time,Demand
23,1313.02507224
22,1379.54704944
21,1417.4097112
20,1364.26355072
19,1311.5869144
18,1272.22928392
17,1269.10567896
16,1274.81079656
15,1284.7133572
14,1294.27393312
13,1297.40977856
12,1311.20897992
11,1324.06091944
10,1324.20045352
9,1277.23717576
8,1217.67638216
7,1184.45518016
6,1164.59085456
5,1139.01526928
4,1138.05418664
3,1159.12229664
2,1193.82661104
1,1251.18560112
0,1334.77106672
