Time,Demand
23,1396.2649848
22,1507.68357936
21,1565.23829672
20,1505.36601544
19,1456.52819648
18,1427.10646904
17,1418.8640116
16,1406.90415208
15,1398.79947368
14,1390.06686392
13,1385.54969
12,1388.63257232
11,1399.16144648
10,1390.48431312
9,1367.8326564
8,1348.77278368
7,1276.31646128
6,1183.6376692
5,1108.21196024
4,1098.95487968
3,1099.28671776
2,1118.12265544
1,1140.10627024
0,1219.85954104
