Time,Demand
23,1560.23789992
22,1686.10831704
21,1743.31643808
20,1752.41386824
19,1778.5491612
18,1753.3986232
17,1696.77352488
16,1635.31903192
15,1574.96510528
14,1530.15239776
13,1471.95752592
12,1419.13119376
11,1373.31348392
10,1329.4236564
9,1298.4051528
8,1235.2827368
7,1177.73993624
6,1170.86484144
5,1151.78692216
4,1149.75032536
3,1181.96684704
2,1227.81885072
1,1296.26316568
0,1389.31608032
