Time,Demand
23,1353.30714008
22,1468.45884248
21,1539.11324392
20,1515.91080816
19,1438.78723464
18,1395.73169344
17,1366.8626832
16,1360.33110808
15,1355.80220664
14,1340.666124
13,1324.8568676
12,1317.35543072
11,1319.13263552
10,1336.1073964
9,1355.24831568
8,1350.8082476
7,1277.38075248
6,1156.40716856
5,1072.94231072
4,1040.56854776
3,1037.21888144
2,1062.30668936
1,1099.25058712
0,1161.39148328
