Time,Demand
23,1650.89818936
22,1835.00266824
21,1932.69997872
20,1957.57223144
19,2001.40176656
18,2018.22659528
17,1984.16739696
16,1911.36859984
15,1831.3936228
14,1759.36284944
13,1678.611312
12,1629.57217976
11,1571.5675668
10,1524.76597784
9,1483.54588088
8,1436.68505568
7,1347.91720448
6,1260.15705536
5,1195.18785624
4,1171.6218808
3,1187.9496832
2,1227.94871136
1,1298.67213784
0,1402.87313096
