Time,Demand
23,1289.53813296
22,1365.11602752
21,1401.7042844
20,1354.73297568
19,1255.79956656
18,1205.41062096
17,1191.26057736
16,1166.80798192
15,1169.56734048
14,1177.08945704
13,1201.4343964
12,1237.64950288
11,1273.70240256
10,1258.33558984
9,1210.7464152
8,1176.89056128
7,1158.08356104
6,1114.49567992
5,1083.19221696
4,1080.03181384
3,1093.67925352
2,1127.40515328
1,1180.50345672
0,1256.03415784
