Time,Demand
0,1279.969684
1,1198.38363848
2,1140.04191504
3,1109.35430144
4,1096.71545536
5,1119.66988616
6,1201.13057288
7,1318.89871456
8,1394.28202256
9,1435.18248608
10,1435.08638616
11,1436.92290952
12,1451.68398312
13,1467.1682396
14,1473.07237672
15,1466.95204264
16,1482.93239696
17,1479.68140712
18,1485.22294648
19,1500.84580688
20,1556.82650312
21,1551.02486504
22,1469.59848784
23,1358.28388976
