Time,Demand
0,1483.84823888
1,1374.27623592
2,1298.85290416
3,1253.88263
4,1229.44070144
5,1242.41637968
6,1301.92171592
7,1384.6574056
8,1468.55359056
9,1500.62188024
10,1533.23870392
11,1565.05769784
12,1591.07097576
13,1608.9293052
14,1640.94587944
15,1669.57145096
16,1695.02394208
17,1708.1867208
18,1716.94064864
19,1708.34354096
20,1693.53048368
21,1706.93125344
22,1640.2476412
23,1499.8634616
