Time,Demand
0,1351.9303616
1,1261.93194176
2,1207.41406744
3,1176.77645456
4,1166.0583648
5,1218.64310568
6,1289.62745408
7,1366.96996576
8,1455.6047324
9,1493.21406136
10,1504.97797688
11,1547.973336
12,1585.68679304
13,1612.73338408
14,1656.27582064
15,1691.50953328
16,1746.92626976
17,1800.53567904
18,1834.76740608
19,1839.99344648
20,1823.29468888
21,1813.21540288
22,1736.2148748
23,1588.38654296
