Time,Demand
23,1539.50053376
22,1668.97205384
21,1723.93379312
20,1713.84837624
19,1717.52898856
18,1717.8062132
17,1701.33336016
16,1679.14013288
15,1640.25912512
14,1602.2426336
13,1564.41174512
12,1553.7245892
11,1534.5910468
10,1498.6352416
9,1475.67460264
8,1428.97367144
7,1347.1414152
6,1286.0769404
5,1261.63902536
4,1262.21624424
3,1270.98419056
2,1296.93848592
1,1346.09074264
0,1431.23358224
