Time,Demand
23,1417.9366404
22,1513.52622848
21,1564.99041384
20,1522.4186628
19,1486.69591616
18,1489.16315408
17,1483.95213904
16,1455.93480368
15,1438.99074984
14,1425.4287488
13,1410.01399672
12,1391.08994304
11,1395.232412
10,1382.43645904
9,1376.99486904
8,1375.00232688
7,1313.56169616
6,1222.96533464
5,1146.63056592
4,1128.27238104
3,1141.55694464
2,1172.8332616
1,1219.25148576
0,1297.17664776
