Time,Demand
23,1442.96289928
22,1546.32145024
21,1605.22155528
20,1576.23086096
19,1558.06700504
18,1562.59716928
17,1559.2553452
16,1547.29589616
15,1537.00736392
14,1521.05946608
13,1498.25006632
12,1517.23067216
11,1516.62732984
10,1504.09616896
9,1479.3948484
8,1430.9271256
7,1359.43746792
6,1272.73300392
5,1210.85680968
4,1197.5531568
3,1212.20693552
2,1245.07173056
1,1310.68610624
0,1404.94262664
