Time,Demand
0,1382.30970696
1,1302.70260176
2,1240.16287248
3,1200.83480832
4,1184.11289192
5,1199.02216392
6,1265.35371032
7,1349.55669912
8,1422.83002232
9,1448.02412776
10,1486.96751112
11,1503.5646668
12,1494.25596544
13,1477.07409528
14,1470.65296224
15,1481.85450896
16,1505.24021648
17,1527.90668016
18,1525.10450904
19,1539.636504
20,1569.11015464
21,1615.02587904
22,1566.3688012
23,1454.41779056
