Time,Demand
23,1460.55382592
22,1577.3160424
21,1628.71781184
20,1580.08316256
19,1555.52718888
18,1532.82116736
17,1497.51914144
16,1465.28794328
15,1462.71141968
14,1441.46529912
13,1420.95922248
12,1420.02730352
11,1414.53539752
10,1377.98481184
9,1376.05761888
8,1375.69645976
7,1312.75253592
6,1232.7081956
5,1166.81229672
4,1157.53485568
3,1170.93296432
2,1188.87902728
1,1223.14568096
0,1299.19200656
