Time,Demand
23,1352.40314048
22,1427.08240304
21,1448.3378224
20,1381.00087384
19,1337.25631648
18,1309.01306984
17,1259.1654992
16,1219.19018312
15,1197.81160408
14,1192.12542792
13,1193.71250712
12,1208.99620968
11,1225.29080408
10,1234.050902
9,1241.92202344
8,1222.79908688
7,1181.79757416
6,1171.83328416
5,1147.17029896
4,1143.27768576
3,1165.4813268
2,1195.90767016
1,1240.37521104
0,1315.95385376
