Time,Demand
0,1347.18195192
1,1261.35762648
2,1208.5361064
3,1175.04284912
4,1155.40072256
5,1172.72591968
6,1226.45143824
7,1304.750118
8,1380.31575808
9,1416.52775712
10,1460.1203624
11,1489.74759696
12,1514.29751424
13,1540.80675
14,1555.26773528
15,1576.11784736
16,1613.18005968
17,1661.22665352
18,1689.82516976
19,1691.04265344
20,1679.96190656
21,1689.55087224
22,1629.86716704
23,1504.29756568
