Time,Demand
23,1821.7571036
22,1983.57322744
21,2060.09436248
20,2118.85829848
19,2174.76273392
18,2193.15492368
17,2172.82006928
16,2127.90963224
15,2050.77798296
14,1962.28273696
13,1858.08167664
12,1784.46997904
11,1706.95538776
10,1626.81200584
9,1558.655266
8,1487.02381912
7,1394.01782968
6,1337.02934176
5,1303.86970896
4,1293.28472336
3,1319.63251112
2,1371.54984904
1,1441.20245752
0,1553.64564488
