Time,Demand
0,1315.95385376
1,1240.37521104
2,1195.90767016
3,1165.4813268
4,1143.27768576
5,1147.17029896
6,1171.83328416
7,1181.79757416
8,1222.79908688
9,1241.92202344
10,1234.050902
11,1225.29080408
12,1208.99620968
13,1193.71250712
14,1192.12542792
15,1197.81160408
16,1219.19018312
17,1259.1654992
18,1309.01306984
19,1337.25631648
20,1381.00087384
21,1448.3378224
22,1427.08240304
23,1352.40314048
