Time,Demand
23,1369.98999928
22,1453.1363756
21,1468.86821816
20,1428.00848568
19,1412.00056144
18,1374.51922832
17,1321.37297096
16,1267.14527352
15,1230.3744236
14,1214.00108088
13,1205.18744976
12,1209.1795156
11,1222.77313144
10,1228.91542928
9,1223.03660248
8,1180.92030728
7,1146.0183252
6,1141.80297168
5,1125.64486832
4,1125.7335096
3,1141.5728632
2,1179.91748952
1,1240.22307248
0,1319.9178272
