Time,Demand
0,1174.23909288
1,1104.25923272
2,1086.68718648
3,1071.35036512
4,1057.167986
5,1077.83301136
6,1156.24117056
7,1281.3428908
8,1344.43912848
9,1347.19277056
10,1323.73667048
11,1310.44569152
12,1320.69286888
13,1309.45811136
14,1317.8698652
15,1325.09172096
16,1334.75754216
17,1361.53919944
18,1395.90103688
19,1434.40099992
20,1512.0050456
21,1523.46336296
22,1451.76658144
23,1332.49295984
