Time,Demand
23,1370.44061952
22,1491.11548096
21,1562.21400944
20,1526.60751208
19,1466.27678736
18,1449.76778912
17,1440.13413376
16,1434.58654416
15,1429.63875488
14,1430.70757368
13,1429.16961208
12,1435.06161736
11,1447.07166016
10,1437.44722744
9,1431.54579288
8,1397.8649916
7,1317.0669064
6,1205.0192028
5,1135.94621336
4,1110.09343144
3,1116.68889752
2,1139.70827712
1,1179.108756
0,1233.05288456
