Time,Demand
23,1408.25980792
22,1519.09913008
21,1564.7923648
20,1505.85746416
19,1459.01401576
18,1447.8349228
17,1450.84011688
16,1441.58311864
15,1435.65862104
14,1441.74988048
13,1434.30292152
12,1442.688506
11,1451.8224532
10,1434.0350864
9,1403.99365736
8,1392.47201128
7,1318.85347832
6,1233.30692128
5,1179.33052832
4,1152.1847988
3,1160.15968992
2,1186.67841376
1,1230.5175736
0,1283.97382792
