Time,Demand
0,1447.2535056
1,1341.5219356
2,1277.39440864
3,1234.35240152
4,1216.89944096
5,1235.52661904
6,1293.55589608
7,1378.56742128
8,1460.94577384
9,1502.27154056
10,1546.05230248
11,1570.72956376
12,1574.70126632
13,1589.4138512
14,1628.86102512
15,1689.78269656
16,1730.50594528
17,1752.6186328
18,1775.51950968
19,1776.36939648
20,1762.98708376
21,1766.53937152
22,1703.6266632
23,1567.9919276
