Time,Demand
23,1366.57513888
22,1488.95055456
21,1566.67774872
20,1557.13805688
19,1479.1046788
18,1456.51852584
17,1424.57384384
16,1394.69396976
15,1369.53418728
14,1339.36303592
13,1313.66213216
12,1322.031004
11,1328.62512048
10,1345.96264096
9,1371.94952944
8,1377.07269952
7,1312.50219632
6,1182.01697656
5,1093.32599936
4,1064.33830104
3,1077.99697768
2,1105.87077496
1,1151.0730448
0,1227.66778456
