Time,Demand
23,1395.28121264
22,1486.15370848
21,1550.7108904
20,1533.95661104
19,1513.89905688
18,1506.24084632
17,1493.19768696
16,1463.6886796
15,1423.68982784
14,1376.69404936
13,1340.6444464
12,1314.48414664
11,1301.84859112
10,1282.21498272
9,1250.83461384
8,1197.29480024
7,1167.59417824
6,1160.53896112
5,1138.14282008
4,1140.9760628
3,1152.3549548
2,1180.53157488
1,1245.61659208
0,1330.19923064
