Time,Demand
23,1635.97492912
22,1806.23234736
21,1916.96495928
20,1939.91480816
19,1990.49378584
18,1999.30710616
17,1975.82111776
16,1909.5108564
15,1835.37976608
14,1767.56136368
13,1700.0198992
12,1679.14723256
11,1641.68314856
10,1586.08467696
9,1514.77491088
8,1472.62259088
7,1390.99197776
6,1312.59814616
5,1251.9466204
4,1257.71716448
3,1270.07534416
2,1305.72580376
1,1378.9209028
0,1486.5716376
