Time,Demand
0,1395.49057928
1,1305.75415992
2,1252.84871544
3,1216.32655984
4,1203.99777568
5,1224.75495632
6,1282.02887736
7,1349.80188336
8,1422.28516024
9,1466.78993328
10,1485.16011112
11,1495.75845328
12,1501.18032288
13,1506.13774864
14,1530.73630976
15,1553.15456744
16,1576.65939648
17,1603.61227712
18,1616.74959936
19,1629.29870768
20,1623.98523224
21,1641.28222776
22,1612.7516244
23,1513.97446424
