Time,Demand
23,1504.29756568
22,1629.86716704
21,1689.55087224
20,1679.96190656
19,1691.04265344
18,1689.82516976
17,1661.22665352
16,1613.18005968
15,1576.11784736
14,1555.26773528
13,1540.80675
12,1514.29751424
11,1489.74759696
10,1460.1203624
9,1416.52775712
8,1380.31575808
7,1304.750118
6,1226.45143824
5,1172.72591968
4,1155.40072256
3,1175.04284912
2,1208.5361064
1,1261.35762648
0,1347.18195192
