Time,Demand
23,1444.33392096
22,1562.26537432
21,1611.68892192
20,1567.323842
19,1525.43025264
18,1513.4378196
17,1519.31005576
16,1498.17878672
15,1496.90060744
14,1490.91566232
13,1488.76672392
12,1519.19020456
11,1481.27778176
10,1470.52301704
9,1455.77623072
8,1424.47446344
7,1342.01971736
6,1256.459848
5,1187.17310656
4,1169.1805916
3,1180.20524048
2,1210.78618304
1,1257.97840952
0,1339.23823824
