Time,Demand
0,1307.6162568
1,1228.32048472
2,1178.15250112
3,1155.3023384
4,1142.75188776
5,1165.5124936
6,1233.5293124
7,1312.27918024
8,1384.63646496
9,1407.56852208
10,1423.579696
11,1442.77224504
12,1452.21797504
13,1471.0464272
14,1481.35105832
15,1499.38054896
16,1528.79714792
17,1557.35649272
18,1578.36466984
19,1599.59308768
20,1622.9590076
21,1649.68932464
22,1581.19846472
23,1459.57141008
