Time,Demand
23,1567.9919276
22,1703.6266632
21,1766.53937152
20,1762.98708376
19,1776.36939648
18,1775.51950968
17,1752.6186328
16,1730.50594528
15,1689.78269656
14,1628.86102512
13,1589.4138512
12,1574.70126632
11,1570.72956376
10,1546.05230248
9,1502.27154056
8,1460.94577384
7,1378.56742128
6,1293.55589608
5,1235.52661904
4,1216.89944096
3,1234.35240152
2,1277.39440864
1,1341.5219356
0,1447.2535056
