Time,Demand
23,1337.72059568
22,1458.40964472
21,1533.88586904
20,1527.85111864
19,1467.22735936
18,1441.617786
17,1419.78116448
16,1412.66907656
15,1395.88050504
14,1371.29293728
13,1354.5638792
12,1347.71823088
11,1338.24488616
10,1343.78732824
9,1365.3705716
8,1368.4896008
7,1307.47934912
6,1177.2602548
5,1103.1163584
4,1073.60185912
3,1077.94284808
2,1107.7140396
1,1157.21762128
0,1227.6483184
