Time,Demand
0,1246.95805024
1,1180.4414104
2,1141.89972624
3,1117.35000944
4,1113.3112592
5,1144.26573296
6,1199.26051112
7,1268.56006144
8,1338.08103072
9,1374.9776376
10,1407.20610016
11,1422.68605864
12,1412.92283944
13,1419.05577128
14,1428.12231856
15,1440.48082808
16,1462.42564832
17,1487.43490784
18,1509.03363744
19,1531.81043456
20,1550.92582512
21,1588.92378176
22,1572.31681544
23,1457.54331016
