Time,Demand
0,1375.71877184
1,1282.88383216
2,1223.50222848
3,1184.66525296
4,1165.65866592
5,1184.37156992
6,1255.1541324
7,1340.98135808
8,1418.11573904
9,1456.43235584
10,1487.92838936
11,1526.93027704
12,1563.22498192
13,1604.65661552
14,1670.61045032
15,1722.97751864
16,1782.05200656
17,1836.96483376
18,1865.09344336
19,1863.35518488
20,1849.10770576
21,1857.82361632
22,1756.7867548
23,1588.96491376
