Time,Demand
23,1462.19917312
22,1579.42808856
21,1629.04730576
20,1577.39058624
19,1555.33426496
18,1538.50761176
17,1510.70365432
16,1482.68831592
15,1461.87436304
14,1458.49037264
13,1441.15385232
12,1445.77084008
11,1444.25028272
10,1441.48985512
9,1418.2131376
8,1402.66744072
7,1330.75227376
6,1247.8691064
5,1180.82279504
4,1157.84131904
3,1168.9112652
2,1202.20566648
1,1255.75535904
0,1332.44199088
