Time,Demand
23,1894.235588
22,2064.40854984
21,2131.52906456
20,2169.70455688
19,2206.75105728
18,2187.42645856
17,2144.50921384
16,2077.47663592
15,1983.95241464
14,1889.49354496
13,1793.15571232
12,1695.79044096
11,1595.63386472
10,1523.01835336
9,1434.84431776
8,1343.18984016
7,1292.51460072
6,1287.18102912
5,1293.85452112
4,1317.72263728
3,1362.05438992
2,1428.9995188
1,1522.13237904
0,1653.88177472
