Time,Demand
0,1153.44843824
1,1103.339692
2,1070.85671504
3,1059.95428728
4,1062.54152704
5,1081.13445888
6,1148.27838272
7,1289.6463048
8,1359.8105864
9,1376.6904956
10,1357.23859488
11,1357.081768
12,1340.31691136
13,1319.12759384
14,1305.4307252
15,1300.64115888
16,1304.4599092
17,1317.67307616
18,1326.75885944
19,1390.5247692
20,1501.79076208
21,1512.06461672
22,1428.11735584
23,1311.98450768
