Time,Demand
23,1400.98859208
22,1522.99482888
21,1602.75750656
20,1595.28100088
19,1535.61921072
18,1523.55920304
17,1501.45183328
16,1475.42089296
15,1450.1202212
14,1424.44159928
13,1399.81511096
12,1389.6727964
11,1378.14595576
10,1378.63741624
9,1386.99242192
8,1377.3899608
7,1321.1132116
6,1201.09355016
5,1125.11720272
4,1096.72167024
3,1104.68817424
2,1133.4131956
1,1181.31675312
0,1252.79654472
