Time,Demand
23,1332.78026056
22,1426.575654
21,1467.94945808
20,1449.22605968
19,1368.30822632
18,1342.61499624
17,1320.857188
16,1284.08931616
15,1273.50350232
14,1269.81596448
13,1276.90070928
12,1306.0817952
11,1315.4572732
10,1309.59762976
9,1347.09614424
8,1366.2591936
7,1309.64090824
6,1188.02624584
5,1120.80425408
4,1098.55904256
3,1123.88183992
2,1126.02384496
1,1158.01606984
0,1226.15021256
