Time,Demand
0,1402.87313096
1,1298.67213784
2,1227.94871136
3,1187.9496832
4,1171.6218808
5,1195.18785624
6,1260.15705536
7,1347.91720448
8,1436.68505568
9,1483.54588088
10,1524.76597784
11,1571.5675668
12,1629.57217976
13,1678.611312
14,1759.36284944
15,1831.3936228
16,1911.36859984
17,1984.16739696
18,2018.22659528
19,2001.40176656
20,1957.57223144
21,1932.69997872
22,1835.00266824
23,1650.89818936
