Time,Demand
23,1286.47262184
22,1368.23752464
21,1410.6774808
20,1388.36509336
19,1313.60844104
18,1251.18506352
17,1222.51678976
16,1171.88536528
15,1144.27582696
14,1130.98876016
13,1131.92588936
12,1146.31469736
11,1166.71989504
10,1162.63763672
9,1169.2255456
8,1164.78755232
7,1148.71000944
6,1099.25285904
5,1068.2782936
4,1063.55856936
3,1077.02774648
2,1104.82289288
1,1156.1779208
0,1236.39727176
