Time,Demand
0,1412.00659712
1,1324.0921316
2,1269.99886664
3,1229.06912632
4,1216.5358184
5,1241.16356896
6,1288.63902104
7,1372.67037656
8,1459.55766152
9,1494.7410548
10,1517.79331984
11,1555.30117792
12,1561.33832568
13,1540.88908792
14,1557.11155656
15,1579.0434604
16,1608.94397832
17,1623.7939816
18,1636.47880984
19,1642.18819576
20,1648.37416632
21,1680.5611172
22,1640.4353056
23,1520.0162012
