Time,Demand
23,1348.44001936
22,1440.67282464
21,1456.01615712
20,1394.39037192
19,1352.44702488
18,1293.92334848
17,1232.1995672
16,1181.30370904
15,1156.86182752
14,1162.68231016
13,1170.22598672
12,1197.8712984
11,1198.39772248
10,1186.25215856
9,1162.61344248
8,1137.69987744
7,1121.41763944
6,1113.61995304
5,1109.35630232
4,1114.82895776
3,1137.7576112
2,1176.63171416
1,1231.81867144
0,1310.355648
