Time,Demand
23,1588.50491072
22,1711.2379396
21,1772.12236152
20,1777.59393112
19,1807.13419992
18,1817.90655144
17,1792.96308688
16,1746.06050528
15,1684.4220484
14,1630.77026784
13,1577.69307416
12,1551.26130936
11,1533.79610944
10,1501.3796
9,1478.96684152
8,1425.90629664
7,1337.5462688
6,1263.43809536
5,1228.2413948
4,1221.62373312
3,1238.93144984
2,1273.052816
1,1305.93738912
0,1368.32392368
