Time,Demand
0,1404.94262664
1,1310.68610624
2,1245.07173056
3,1212.20693552
4,1197.5531568
5,1210.85680968
6,1272.73300392
7,1359.43746792
8,1430.9271256
9,1479.3948484
10,1504.09616896
11,1516.62732984
12,1517.23067216
13,1498.25006632
14,1521.05946608
15,1537.00736392
16,1547.29589616
17,1559.2553452
18,1562.59716928
19,1558.06700504
20,1576.23086096
21,1605.22155528
22,1546.32145024
23,1442.96289928
