Time,Demand
23,1518.4698592
22,1663.55164864
21,1753.02260336
20,1733.81472824
19,1729.88054232
18,1727.0711696
17,1690.3892488
16,1642.96456688
15,1590.84364264
14,1548.77523136
13,1502.45033176
12,1476.5993032
11,1448.39455376
10,1415.46066704
9,1392.47620456
8,1356.72374096
7,1282.28314984
6,1198.884526
5,1122.428636
4,1094.55949008
3,1103.28747984
2,1134.49293552
1,1181.42730776
0,1262.78127248
