Time,Demand
23,1398.46684208
22,1475.86299896
21,1486.34841208
20,1436.12621432
19,1402.14979856
18,1355.49253112
17,1316.02253216
16,1284.74759336
15,1272.43103904
14,1299.37342136
13,1310.32649048
12,1320.72877832
11,1318.36031432
10,1305.67774008
9,1284.05234944
8,1239.27271664
7,1204.5770772
6,1197.2923032
5,1183.1389808
4,1181.54479128
3,1205.13800624
2,1243.24891096
1,1302.77733992
0,1398.91433248
