Time,Demand
23,1381.95996736
22,1466.82234832
21,1533.86394392
20,1495.85995944
19,1471.78682224
18,1431.4557852
17,1387.6348836
16,1350.46750776
15,1319.6275512
14,1295.33844272
13,1282.19373184
12,1273.10851752
11,1278.3026984
10,1272.07709552
9,1236.98492848
8,1207.48428416
7,1178.8786212
6,1162.38560704
5,1133.71994288
4,1133.39170112
3,1149.03434464
2,1185.70857216
1,1243.41957824
0,1311.0284124
