Time,Demand
23,1550.5127708
22,1701.62776672
21,1781.64237384
20,1794.41543792
19,1830.40555712
18,1811.12141168
17,1747.61531336
16,1674.52533808
15,1596.72912504
14,1542.30403264
13,1461.49144512
12,1388.94667744
11,1323.17936856
10,1268.45808488
9,1223.8688336
8,1174.75925672
7,1121.76828176
6,1138.55172928
5,1141.70423584
4,1154.74325288
3,1190.14584584
2,1244.83306752
1,1320.0342624
0,1425.9467348
