Time,Demand
0,1248.7862324
1,1179.24778944
2,1148.11960928
3,1128.66629792
4,1119.4634948
5,1143.98291224
6,1204.07364672
7,1313.08456104
8,1368.27598824
9,1372.4683588
10,1373.85911712
11,1384.7261876
12,1385.23109312
13,1372.13153504
14,1391.6268744
15,1402.34413816
16,1418.91976968
17,1431.49705664
18,1454.14643416
19,1478.20830416
20,1536.3796672
21,1557.66972424
22,1492.91898112
23,1375.5000756
