Time,Demand
0,1211.58733024
1,1139.31447504
2,1109.6386728
3,1084.99523216
4,1071.42994112
5,1061.03595584
6,1079.0717308
7,1105.62119696
8,1110.44372488
9,1140.88159976
10,1164.57089504
11,1168.91983992
12,1170.17811008
13,1187.84461096
14,1198.43203872
15,1209.22501056
16,1230.24805736
17,1244.23807088
18,1266.61090696
19,1283.98642792
20,1358.95645648
21,1396.570812
22,1349.5478612
23,1258.30535768
