Time,Demand
0,1341.53693184
1,1265.99788896
2,1214.8198804
3,1181.7426376
4,1169.50583232
5,1189.61136056
6,1245.10587152
7,1305.69537784
8,1368.71922376
9,1397.53390728
10,1410.18789408
11,1421.27167392
12,1429.96480536
13,1439.17507216
14,1478.20120728
15,1517.42076472
16,1568.0151816
17,1614.24255944
18,1650.44946472
19,1676.75775512
20,1683.45945096
21,1703.2234324
22,1662.92528752
23,1533.42141344
