Time,Demand
0,1484.99652728
1,1376.01904048
2,1303.8859624
3,1255.60449336
4,1235.7261952
5,1250.47610128
6,1292.86436944
7,1360.18820896
8,1438.3488728
9,1483.98550328
10,1527.68082936
11,1586.47910008
12,1636.87753824
13,1707.39135896
14,1777.71952456
15,1848.2532684
16,1923.1832452
17,1983.92890416
18,2015.62473672
19,2015.55697448
20,1973.28031264
21,1942.84887776
22,1872.67436328
23,1712.64983456
