Time,Demand
0,1219.85954104
1,1140.10627024
2,1118.12265544
3,1099.28671776
4,1098.95487968
5,1108.21196024
6,1183.6376692
7,1276.31646128
8,1348.77278368
9,1367.8326564
10,1390.48431312
11,1399.16144648
12,1388.63257232
13,1385.54969
14,1390.06686392
15,1398.79947368
16,1406.90415208
17,1418.8640116
18,1427.10646904
19,1456.52819648
20,1505.36601544
21,1565.23829672
22,1507.68357936
23,1396.2649848
