Time,Demand
0,1262.78127248
1,1181.42730776
2,1134.49293552
3,1103.28747984
4,1094.55949008
5,1122.428636
6,1198.884526
7,1282.28314984
8,1356.72374096
9,1392.47620456
10,1415.46066704
11,1448.39455376
12,1476.5993032
13,1502.45033176
14,1548.77523136
15,1590.84364264
16,1642.96456688
17,1690.3892488
18,1727.0711696
19,1729.88054232
20,1733.81472824
21,1753.02260336
22,1663.55164864
23,1518.4698592
