Time,Demand
0,1215.83375256
1,1148.91397152
2,1107.64796128
3,1088.6042272
4,1087.83349416
5,1122.59903168
6,1202.48494408
7,1307.0754032
8,1376.30374616
9,1385.91884312
10,1378.33208128
11,1376.89582464
12,1367.09620656
13,1384.22207952
14,1400.80705576
15,1409.02420288
16,1425.54733272
17,1451.24750176
18,1495.98118096
19,1531.17490064
20,1571.11516016
21,1610.95071536
22,1549.40117752
23,1427.47780616
