Time,Demand
0,1368.32392368
1,1305.93738912
2,1273.052816
3,1238.93144984
4,1221.62373312
5,1228.2413948
6,1263.43809536
7,1337.5462688
8,1425.90629664
9,1478.96684152
10,1501.3796
11,1533.79610944
12,1551.26130936
13,1577.69307416
14,1630.77026784
15,1684.4220484
16,1746.06050528
17,1792.96308688
18,1817.90655144
19,1807.13419992
20,1777.59393112
21,1772.12236152
22,1711.2379396
23,1588.50491072
