Time,Demand
23,1443.81773816
22,1555.70886408
21,1630.6562188
20,1608.60541632
19,1588.54635296
18,1581.49551112
17,1547.12941152
16,1527.94477136
15,1509.15515408
14,1461.96961512
13,1429.22709216
12,1414.6129228
11,1381.30540744
10,1366.2556236
9,1372.02337048
8,1361.97130888
7,1305.4494796
6,1209.69341528
5,1162.84655256
4,1139.1994404
3,1138.60657568
2,1171.70288032
1,1220.58773536
0,1281.5045936
