Time,Demand
23,1459.57141008
22,1581.19846472
21,1649.68932464
20,1622.9590076
19,1599.59308768
18,1578.36466984
17,1557.35649272
16,1528.79714792
15,1499.38054896
14,1481.35105832
13,1471.0464272
12,1452.21797504
11,1442.77224504
10,1423.579696
9,1407.56852208
8,1384.63646496
7,1312.27918024
6,1233.5293124
5,1165.5124936
4,1142.75188776
3,1155.3023384
2,1178.15250112
1,1228.32048472
0,1307.6162568
