Time,Demand
23,1378.99233136
22,1494.99935368
21,1567.31940456
20,1532.4543136
19,1472.0543936
18,1461.20616712
17,1451.04343608
16,1438.49540184
15,1437.6942552
14,1439.32651016
13,1446.60232192
12,1452.004862
11,1459.30001056
10,1456.87831408
9,1445.1453996
8,1415.31493152
7,1336.10120952
6,1226.088066
5,1163.67638744
4,1149.09637584
3,1157.29967304
2,1184.60201608
1,1230.08903808
0,1292.53038488
