Time,Demand
0,1252.79654472
1,1181.31675312
2,1133.4131956
3,1104.68817424
4,1096.72167024
5,1125.11720272
6,1201.09355016
7,1321.1132116
8,1377.3899608
9,1386.99242192
10,1378.63741624
11,1378.14595576
12,1389.6727964
13,1399.81511096
14,1424.44159928
15,1450.1202212
16,1475.42089296
17,1501.45183328
18,1523.55920304
19,1535.61921072
20,1595.28100088
21,1602.75750656
22,1522.99482888
23,1400.98859208
