Time,Demand
23,1398.19392776
22,1522.13296592
21,1598.25063608
20,1574.9114332
19,1525.71581008
18,1512.11879616
17,1481.54663104
16,1458.3247364
15,1457.99724056
14,1447.39059192
13,1438.56434904
12,1438.88916584
11,1427.70819352
10,1417.42434792
9,1404.1323016
8,1358.48056512
7,1279.5205108
6,1180.32368608
5,1118.20425248
4,1093.59062848
3,1098.3438284
2,1115.8449092
1,1124.05887832
0,1167.82735608
