Time,Demand
0,1236.39727176
1,1156.1779208
2,1104.82289288
3,1077.02774648
4,1063.55856936
5,1068.2782936
6,1099.25285904
7,1148.71000944
8,1164.78755232
9,1169.2255456
10,1162.63763672
11,1166.71989504
12,1146.31469736
13,1131.92588936
14,1130.98876016
15,1144.27582696
16,1171.88536528
17,1222.51678976
18,1251.18506352
19,1313.60844104
20,1388.36509336
21,1410.6774808
22,1368.23752464
23,1286.47262184
