Time,Demand
23,1258.30535768
22,1349.5478612
21,1396.570812
20,1358.95645648
19,1283.98642792
18,1266.61090696
17,1244.23807088
16,1230.24805736
15,1209.22501056
14,1198.43203872
13,1187.84461096
12,1170.17811008
11,1168.91983992
10,1164.57089504
9,1140.88159976
8,1110.44372488
7,1105.62119696
6,1079.0717308
5,1061.03595584
4,1071.42994112
3,1084.99523216
2,1109.6386728
1,1139.31447504
0,1211.58733024
