Time,Demand
0,1264.92223592
1,1193.458672
2,1154.820296
3,1138.31484144
4,1118.45744976
5,1136.30677664
6,1199.47949072
7,1337.73229576
8,1414.19577992
9,1426.70988656
10,1435.19373424
11,1424.80058952
12,1419.7564136
13,1430.72415024
14,1390.0397812
15,1399.28401816
16,1414.2648996
17,1400.9401588
18,1423.1677712
19,1461.74074144
20,1541.67279616
21,1531.76344216
22,1462.1306252
23,1352.0767904
