Time,Demand
0,1602.4345848
1,1487.28563088
2,1397.24262832
3,1332.46723176
4,1304.94548912
5,1284.18680712
6,1274.77385112
7,1267.26071584
8,1310.7602928
9,1380.5297072
10,1454.12590176
11,1543.5950516
12,1641.72729168
13,1747.06960792
14,1853.65941768
15,1945.35401704
16,2001.7757228
17,2048.15865968
18,2086.25586792
19,2099.75922856
20,2060.55419416
21,2012.92097608
22,1936.99418416
23,1775.5448004
