Time,Demand
0,1461.93793704
1,1365.5753692
2,1304.09890072
3,1262.63361896
4,1231.54489024
5,1257.30604048
6,1334.45751096
7,1450.15070312
8,1507.60553608
9,1535.80438144
10,1561.53855256
11,1583.1971428
12,1585.80146312
13,1585.29491792
14,1615.0782396
15,1628.35464232
16,1649.86876768
17,1685.85650296
18,1706.4678848
19,1720.18728112
20,1769.57963224
21,1755.63403736
22,1657.26978312
23,1519.92401176
