Time,Demand
23,1827.01364496
22,1999.96417488
21,2086.62620936
20,2132.17197704
19,2194.83220432
18,2210.6934136
17,2188.77736616
16,2140.9494568
15,2083.79305848
14,2021.8382884
13,1944.02022808
12,1876.6030304
11,1819.6635408
10,1760.7624804
9,1684.17691008
8,1608.6007084
7,1524.06847656
6,1454.90183104
5,1400.50575448
4,1409.88438584
3,1445.5688352
2,1507.90970568
1,1579.39348504
0,1712.73250344
