Time,Demand
0,1644.4287944
1,1529.05773384
2,1450.01651872
3,1406.43338304
4,1377.79836712
5,1392.6546648
6,1461.933214
7,1535.62385816
8,1613.7859304
9,1695.50392592
10,1749.53413992
11,1822.71022696
12,1897.94604888
13,1974.18661776
14,2058.47294296
15,2123.490474
16,2207.12912504
17,2269.63734928
18,2289.28440216
19,2269.3018488
20,2200.54199792
21,2139.77615264
22,2040.39932656
23,1862.39493216
