Time,Demand
0,1625.30466952
1,1535.62556616
2,1462.74695448
3,1409.01790064
4,1378.57953856
5,1396.01438704
6,1450.3573784
7,1546.33145744
8,1604.03596136
9,1636.37565672
10,1711.32987088
11,1786.99353616
12,1805.7402104
13,1889.0643044
14,1975.6028992
15,2043.2494684
16,2113.58451584
17,2157.75165312
18,2157.66699624
19,2100.5371044
20,2084.0955632
21,2039.89770488
22,1907.34457312
23,1738.36879664
