Time,Demand
23,1679.11748984
22,1813.2736888
21,1878.26620744
20,1917.86625968
19,1955.46302224
18,1973.0556748
17,1949.48319888
16,1893.34263552
15,1836.97062976
14,1774.38576616
13,1718.23293824
12,1675.75064608
11,1630.80211448
10,1578.18148376
9,1531.01616472
8,1481.80314912
7,1425.98432424
6,1364.25065616
5,1314.87340096
4,1305.28604752
3,1325.0882064
2,1365.46448696
1,1446.91310176
0,1561.69116208
