Time,Demand
0,1370.89706152
1,1294.71369944
2,1248.27542056
3,1215.27120904
4,1200.79229088
5,1230.9371788
6,1308.01455064
7,1435.61503008
8,1496.7386532
9,1522.48622456
10,1515.37031352
11,1508.53401048
12,1492.86621904
13,1475.75958824
14,1468.83517144
15,1465.98079656
16,1474.81843936
17,1511.07628224
18,1529.09520064
19,1560.63440344
20,1648.19848144
21,1626.17360864
22,1539.09452928
23,1419.78946592
