Time,Demand
0,1823.38853984
1,1681.59720512
2,1585.1752644
3,1511.76522616
4,1474.35291528
5,1476.04016336
6,1539.9728792
7,1630.14247872
8,1718.29704424
9,1823.7668036
10,1911.90623792
11,2004.54305688
12,2116.01144888
13,2236.98306832
14,2374.85029824
15,2468.7548956
16,2560.75702848
17,2621.97882296
18,2630.1890748
19,2574.58189128
20,2506.39980304
21,2430.0709524
22,2251.35663928
23,2019.16223264
