Time,Demand
23,1656.52921
22,1732.97715976
21,1809.52575888
20,1869.95527208
19,1926.36033744
18,1938.4547532
17,1916.42838632
16,1859.28903496
15,1777.27050368
14,1684.77513008
13,1603.58804872
12,1526.14514472
11,1458.69768016
10,1385.14901728
9,1314.2388448
8,1265.27711184
7,1237.93739608
6,1244.437376
5,1240.00164624
4,1250.6637612
3,1288.83973456
2,1348.51176152
1,1438.4635132
0,1554.2294096
