Time,Demand
23,1790.3772824
22,1959.11097648
21,2058.29596392
20,2115.72959136
19,2183.22122256
18,2195.78094176
17,2159.57474208
16,2096.73157064
15,2008.31940792
14,1901.53430656
13,1789.7962964
12,1689.53541792
11,1598.64417328
10,1500.05710624
9,1422.69828344
8,1359.52846008
7,1312.37459864
6,1319.34601904
5,1318.53480752
4,1344.01823024
3,1389.46592736
2,1461.62001272
1,1558.36890832
0,1688.10427912
