Time,Demand
0,1628.2744828
1,1498.07709016
2,1419.71067784
3,1368.20819296
4,1334.06086464
5,1340.6909628
6,1408.97493856
7,1476.63625256
8,1560.71813576
9,1624.92747368
10,1685.27019808
11,1752.30470352
12,1815.75251144
13,1878.6285392
14,1954.37819752
15,2023.27340264
16,2078.52067192
17,2119.45545168
18,2132.76579432
19,2103.84595512
20,2043.20312336
21,1974.145502
22,1889.25734928
23,1725.34742352
