Time,Demand
23,1808.9644832
22,1965.15603536
21,2069.26690432
20,2137.71484136
19,2218.27377352
18,2255.38021408
17,2255.65719344
16,2218.95791936
15,2158.37719664
14,2095.20863104
13,2009.40537056
12,1942.06494272
11,1863.07349648
10,1780.38895272
9,1707.30745024
8,1625.7783192
7,1532.2133428
6,1466.592008
5,1409.93370784
4,1404.40967072
3,1441.43319152
2,1504.98174736
1,1589.89398904
0,1727.39668472
