Time,Demand
0,1356.6740544
1,1279.70522456
2,1217.05812256
3,1171.024526
4,1141.39657072
5,1135.271606
6,1154.65942256
7,1186.659796
8,1204.10271016
9,1241.51788992
10,1265.85798864
11,1287.42111064
12,1307.74116368
13,1322.97006128
14,1347.71895944
15,1377.79168856
16,1428.75643232
17,1494.01900648
18,1562.49198784
19,1590.58022088
20,1646.23467624
21,1623.5960132
22,1535.58706336
23,1419.01905208
