Time,Demand
23,1861.36570592
22,2046.36009816
21,2145.84065808
20,2226.44120496
19,2302.86325248
18,2331.26597928
17,2314.95298944
16,2264.1542448
15,2191.5933256
14,2136.70888144
13,2052.26360696
12,1980.78701688
11,1899.87294728
10,1814.4228088
9,1728.17918952
8,1657.39447216
7,1562.07189488
6,1485.14121
5,1434.69429992
4,1429.02499824
3,1466.82574528
2,1524.76198392
1,1612.37495048
0,1757.28795144
