Time,Demand
23,1582.09563288
22,1684.61815088
21,1724.68511432
20,1739.481744
19,1761.2846216
18,1746.56685504
17,1697.70371792
16,1640.74895768
15,1586.13340256
14,1531.39067368
13,1491.33118792
12,1460.20393008
11,1429.66504856
10,1400.31376016
9,1357.58932512
8,1312.17772784
7,1279.0014132
6,1264.35247848
5,1245.19261608
4,1254.24099192
3,1283.8081004
2,1340.33784472
1,1431.21797784
0,1543.18893568
