Time,Demand
23,1682.246734
22,1814.83270248
21,1869.33881568
20,1900.35277432
19,1943.54274744
18,1946.45646608
17,1917.97668496
16,1867.67857752
15,1795.44324288
14,1725.03830072
13,1654.99315296
12,1620.54921168
11,1584.32505728
10,1549.1832748
9,1519.0880432
8,1469.95886408
7,1403.66067464
6,1357.3465948
5,1302.34597752
4,1290.203054
3,1310.79481624
2,1360.63399584
1,1420.05873688
0,1515.79617392
