Time,Demand
23,1738.36879664
22,1907.34457312
21,2039.89770488
20,2084.0955632
19,2100.5371044
18,2157.66699624
17,2157.75165312
16,2113.58451584
15,2043.2494684
14,1975.6028992
13,1889.0643044
12,1805.7402104
11,1786.99353616
10,1711.32987088
9,1636.37565672
8,1604.03596136
7,1546.33145744
6,1450.3573784
5,1396.01438704
4,1378.57953856
3,1409.01790064
2,1462.74695448
1,1535.62556616
0,1625.30466952
