Time,Demand
0,1607.45823728
1,1490.85865096
2,1410.00226976
3,1358.52070592
4,1334.80282096
5,1359.87826408
6,1449.4501896
7,1578.30329776
8,1659.49130368
9,1724.00169256
10,1795.06935496
11,1882.45018304
12,1969.60189552
13,2069.52966304
14,2215.60660104
15,2319.49336472
16,2397.888892
17,2437.58762912
18,2403.76251192
19,2305.25281056
20,2270.16711768
21,2189.41346008
22,2036.3085316
23,1849.92258136
