Time,Demand
0,1301.31194816
1,1230.92643576
2,1183.34799856
3,1160.2071376
4,1156.8839716
5,1192.02576808
6,1276.71314624
7,1401.61026992
8,1467.50419816
9,1505.84424032
10,1528.03467208
11,1542.84693304
12,1563.08253472
13,1571.92780752
14,1613.17848384
15,1657.31959064
16,1716.67454168
17,1759.52003584
18,1764.94795288
19,1752.7732208
20,1786.53139112
21,1750.69249824
22,1649.85791712
23,1507.6523112
