Time,Demand
0,1727.39668472
1,1589.89398904
2,1504.98174736
3,1441.43319152
4,1404.40967072
5,1409.93370784
6,1466.592008
7,1532.2133428
8,1625.7783192
9,1707.30745024
10,1780.38895272
11,1863.07349648
12,1942.06494272
13,2009.40537056
14,2095.20863104
15,2158.37719664
16,2218.95791936
17,2255.65719344
18,2255.38021408
19,2218.27377352
20,2137.71484136
21,2069.26690432
22,1965.15603536
23,1808.9644832
