Time,Demand
0,1687.37070824
1,1563.84053504
2,1471.57586744
3,1430.55744664
4,1401.666182
5,1412.60035
6,1475.53843472
7,1550.01288288
8,1656.14225448
9,1753.01393568
10,1836.97324384
11,1936.10046504
12,2016.89759096
13,2087.04248368
14,2179.93610744
15,2259.44281752
16,2328.90940968
17,2374.68143248
18,2387.28563528
19,2356.05165264
20,2274.35000408
21,2199.3594644
22,2087.28110192
23,1895.01543224
