Time,Demand
23,1858.22300216
22,2039.042502
21,2143.53802152
20,2206.6592772
19,2274.89664304
18,2290.97357552
17,2270.52484792
16,2216.18250952
15,2134.23008288
14,2068.38400664
13,1990.80152824
12,1918.4718868
11,1847.36134128
10,1768.0813472
9,1696.7385512
8,1622.84323824
7,1518.70681368
6,1438.85653128
5,1380.0129756
4,1374.76882088
3,1401.46988744
2,1460.01925944
1,1555.7569132
0,1692.59255536
