Time,Demand
0,1721.08045816
1,1585.78111216
2,1508.28040048
3,1447.41499896
4,1418.88875352
5,1431.2315108
6,1495.69757792
7,1575.15558368
8,1685.31420624
9,1788.13615512
10,1885.21106984
11,1987.86568232
12,2073.02047064
13,2172.251242
14,2256.23337744
15,2322.02180224
16,2373.11525864
17,2416.9424496
18,2430.95268752
19,2403.68283512
20,2325.39822424
21,2245.13496312
22,2136.7479812
23,1942.96193672
