Time,Demand
23,1786.63470496
22,1966.63762624
21,2081.86385512
20,2118.02807776
19,2194.33045888
18,2223.58186064
17,2200.62823008
16,2142.09992808
15,2059.7562776
14,1999.34228536
13,1909.83375576
12,1838.5431204
11,1774.04840368
10,1695.2730732
9,1642.73106368
8,1579.70899352
7,1497.57556536
6,1419.58881512
5,1352.53211968
4,1342.09593728
3,1374.16576808
2,1432.04078416
1,1506.12774872
0,1632.00667952
