Time,Demand
23,1664.89440712
22,1789.76782376
21,1888.82547504
20,1936.12207544
19,1950.33692392
18,1979.65445664
17,1947.87859056
16,1880.55712656
15,1790.66725208
14,1705.68485192
13,1626.17744016
12,1557.0498776
11,1496.79218864
10,1460.93569104
9,1423.80804384
8,1375.51993096
7,1350.03113056
6,1309.34798176
5,1285.01108344
4,1287.3213388
3,1314.30935776
2,1367.21087776
1,1444.56844224
0,1548.37486104
