Time,Demand
23,1942.96193672
22,2136.7479812
21,2245.13496312
20,2325.39822424
19,2403.68283512
18,2430.95268752
17,2416.9424496
16,2373.11525864
15,2322.02180224
14,2256.23337744
13,2172.251242
12,2073.02047064
11,1987.86568232
10,1885.21106984
9,1788.13615512
8,1685.31420624
7,1575.15558368
6,1495.69757792
5,1431.2315108
4,1418.88875352
3,1447.41499896
2,1508.28040048
1,1585.78111216
0,1721.08045816
