Time,Demand
0,1663.89542088
1,1541.36138856
2,1464.88170416
3,1400.47610472
4,1359.7776668
5,1347.57899416
6,1358.48506136
7,1367.63037432
8,1430.42526592
9,1494.47719848
10,1557.09745576
11,1635.59456984
12,1713.80994568
13,1792.54655328
14,1886.13696992
15,1952.46832648
16,2014.04986104
17,2065.56388472
18,2086.95879728
19,2064.510826
20,1996.11514088
21,1945.67562392
22,1859.29022496
23,1728.5384424
