Time,Demand
0,1599.80409176
1,1469.83407088
2,1379.65867536
3,1322.83040736
4,1298.45098488
5,1311.36131504
6,1361.92668528
7,1438.51154104
8,1540.46160464
9,1630.187594
10,1710.02333376
11,1803.17760672
12,1889.46489984
13,1959.66733032
14,2042.54385552
15,2115.32639416
16,2171.47428736
17,2215.71640864
18,2238.19050896
19,2226.38327856
20,2161.21868144
21,2093.88898544
22,1996.18952008
23,1812.01993448
