Time,Demand
23,1862.39493216
22,2040.39932656
21,2139.77615264
20,2200.54199792
19,2269.3018488
18,2289.28440216
17,2269.63734928
16,2207.12912504
15,2123.490474
14,2058.47294296
13,1974.18661776
12,1897.94604888
11,1822.71022696
10,1749.53413992
9,1695.50392592
8,1613.7859304
7,1535.62385816
6,1461.933214
5,1392.6546648
4,1377.79836712
3,1406.43338304
2,1450.01651872
1,1529.05773384
0,1644.4287944
