Time,Demand
23,1519.92401176
22,1657.26978312
21,1755.63403736
20,1769.57963224
19,1720.18728112
18,1706.4678848
17,1685.85650296
16,1649.86876768
15,1628.35464232
14,1615.0782396
13,1585.29491792
12,1585.80146312
11,1583.1971428
10,1561.53855256
9,1535.80438144
8,1507.60553608
7,1450.15070312
6,1334.45751096
5,1257.30604048
4,1231.54489024
3,1262.63361896
2,1304.09890072
1,1365.5753692
0,1461.93793704
