Time,Demand
23,1419.78946592
22,1539.09452928
21,1626.17360864
20,1648.19848144
19,1560.63440344
18,1529.09520064
17,1511.07628224
16,1474.81843936
15,1465.98079656
14,1468.83517144
13,1475.75958824
12,1492.86621904
11,1508.53401048
10,1515.37031352
9,1522.48622456
8,1496.7386532
7,1435.61503008
6,1308.01455064
5,1230.9371788
4,1200.79229088
3,1215.27120904
2,1248.27542056
1,1294.71369944
0,1370.89706152
