Time,Demand
0,1688.15821048
1,1562.47398496
2,1483.76931472
3,1428.43467312
4,1398.1206736
5,1408.12255024
6,1468.10733216
7,1533.34928768
8,1616.17309392
9,1712.25467448
10,1786.95990592
11,1871.13904992
12,1961.84513616
13,2048.75783112
14,2142.31547152
15,2232.94380792
16,2313.45415168
17,2361.40957808
18,2381.2937708
19,2353.30448808
20,2276.22796912
21,2210.3594072
22,2096.56215832
23,1909.04456848
