Time,Demand
23,1817.27044688
22,1971.57324784
21,2061.10461032
20,2130.23183072
19,2199.92137344
18,2221.9478708
17,2193.96556512
16,2133.37038936
15,2054.1637956
14,1963.22655592
13,1884.82668472
12,1841.86512272
11,1774.66348248
10,1702.914122
9,1651.07550216
8,1581.18532712
7,1489.83196488
6,1427.62259248
5,1368.48561024
4,1357.56833744
3,1389.14560344
2,1450.7883852
1,1520.58027632
0,1645.09880416
