Time,Demand
0,1622.72303312
1,1516.85492728
2,1437.92476128
3,1382.0721264
4,1351.46670344
5,1361.16970024
6,1430.76783192
7,1493.19713648
8,1574.9906676
9,1670.19751528
10,1729.8729224
11,1799.557592
12,1868.40137064
13,1921.09033592
14,2008.45459864
15,2105.95235928
16,2186.36807872
17,2244.51949736
18,2261.50164576
19,2217.50802784
20,2144.47242408
21,2109.97697064
22,1990.13862488
23,1811.33463392
