Time,Demand
23,1813.27031536
22,1954.7207708
21,2038.74705104
20,2099.88006928
19,2170.99601824
18,2208.96916296
17,2208.88156664
16,2172.20410456
15,2105.46669256
14,2070.08520488
13,1968.86209912
12,1870.35111816
11,1830.97379528
10,1759.1039732
9,1697.31224432
8,1623.21902008
7,1521.56836272
6,1443.22603096
5,1397.17431672
4,1392.59894816
3,1430.48985464
2,1495.81092472
1,1584.27432576
0,1715.26816776
