Time,Demand
23,1661.49772376
22,1827.51426648
21,1941.26042152
20,1949.59963968
19,1983.79524224
18,2007.65100648
17,1980.09523544
16,1918.07815024
15,1840.03553272
14,1762.30411392
13,1690.0136568
12,1655.59251032
11,1720.12958488
10,1658.8808208
9,1599.43881216
8,1550.21435968
7,1471.44222288
6,1357.07869136
5,1278.3527288
4,1247.49248344
3,1260.07579824
2,1298.89838288
1,1362.13316232
0,1459.59100504
