Time,Demand
23,2066.64628912
22,2296.70848624
21,2456.94176
20,2521.69032864
19,2553.98403736
18,2594.67643624
17,2603.18520784
16,2574.84356192
15,2507.09261376
14,2408.1624532
13,2284.39036616
12,2162.3018648
11,2056.27726752
10,1952.31923544
9,1835.77095968
8,1739.44340304
7,1657.15130784
6,1541.52358808
5,1477.48429304
4,1473.92145432
3,1515.45088576
2,1584.48823456
1,1685.3060196
0,1826.81840096
