Time,Demand
0,1713.34373672
1,1606.21273344
2,1527.44716432
3,1479.61074912
4,1447.77086496
5,1461.7122464
6,1516.79215576
7,1616.64575352
8,1686.25555224
9,1742.37706888
10,1801.7799772
11,1874.8145388
12,1958.29161248
13,2057.75260264
14,2137.8962752
15,2218.34801328
16,2284.66435904
17,2316.73596056
18,2302.58065184
19,2226.05484304
20,2180.99955304
21,2116.05041984
22,1967.49074648
23,1786.469636
