Time,Demand
0,1519.32172336
1,1411.3843996
2,1341.71056376
3,1298.10953608
4,1275.63568216
5,1293.58284776
6,1362.1563452
7,1451.37888672
8,1516.3871436
9,1562.232672
10,1604.48329104
11,1645.74129832
12,1693.34774616
13,1751.1936288
14,1834.83269536
15,1917.3890904
16,1992.90983584
17,2057.0250512
18,2075.2145428
19,2046.67680056
20,2003.31836824
21,1996.01319512
22,1891.00738848
23,1724.7998432
