Time,Demand
0,1621.899216
1,1517.30173056
2,1434.29099688
3,1370.69849
4,1331.03908336
5,1312.08656208
6,1314.56683176
7,1306.80187904
8,1329.77142312
9,1381.3465456
10,1436.56699816
11,1503.2286612
12,1575.36243256
13,1650.42116176
14,1728.60079616
15,1817.91316616
16,1908.69473312
17,1983.55929968
18,2015.5000432
19,2024.41117368
20,1975.33528864
21,1953.77515704
22,1866.23250464
23,1710.70865224
