Time,Demand
0,1781.21665456
1,1632.03386528
2,1520.13830864
3,1442.2410352
4,1399.6264548
5,1403.78600656
6,1456.78807344
7,1527.20617448
8,1627.95403288
9,1739.75142544
10,1821.81406904
11,1899.81257872
12,1999.42407616
13,2094.87105408
14,2203.18932176
15,2296.86336096
16,2379.26641512
17,2419.71103416
18,2434.25206808
19,2413.00920672
20,2352.42888944
21,2298.93649776
22,2195.47259456
23,1991.99863128
