Time,Demand
23,1488.96671504
22,1619.0071156
21,1710.58255592
20,1745.3141944
19,1691.30109736
18,1676.02973104
17,1656.50750328
16,1627.16680952
15,1599.07278776
14,1560.61371592
13,1533.31636976
12,1541.12695912
11,1536.88384696
10,1522.96630696
9,1507.73451752
8,1495.07805608
7,1417.36345184
6,1293.075658
5,1220.2367436
4,1189.49974248
3,1202.99180288
2,1239.67561088
1,1298.49356448
0,1382.42493592
