Time,Demand
23,1891.25642328
22,2087.14453416
21,2235.18682912
20,2300.65525368
19,2344.12615976
18,2409.09076912
17,2409.21757664
16,2353.16701816
15,2272.98842344
14,2182.3525948
13,2072.40561248
12,1993.08412464
11,1911.88551008
10,1856.46184752
9,1787.92911136
8,1705.14171464
7,1615.89385888
6,1502.11903464
5,1425.54994512
4,1400.67195184
3,1400.23781856
2,1446.54117216
1,1523.15877336
0,1616.84347496
