Time,Demand
23,1840.64078464
22,1990.42101888
21,2086.30797592
20,2140.2096324
19,2199.19866712
18,2203.60351512
17,2160.31820592
16,2084.80964328
15,1986.82288
14,1887.54772752
13,1792.30910432
12,1726.89380584
11,1643.05059632
10,1552.33024688
9,1484.65735488
8,1423.85854128
7,1364.43673744
6,1356.07657136
5,1339.09569864
4,1357.03014552
3,1398.55628864
2,1461.92886672
1,1538.40922872
0,1665.17038184
