Time,Demand
23,1813.6818532
22,1969.00783464
21,2108.99220056
20,2179.39026144
19,2251.86072608
18,2281.5887444
17,2245.40907584
16,2164.64612392
15,2059.6923816
14,1935.79602832
13,1805.43196792
12,1700.95406824
11,1609.46116184
10,1538.49863328
9,1459.52919896
8,1392.88037392
7,1354.75279072
6,1321.04311416
5,1304.48638152
4,1312.58020208
3,1348.5439548
2,1403.41759096
1,1470.2632112
0,1587.5415248
