Time,Demand
23,1871.53111488
22,2064.29259456
21,2181.37309936
20,2239.42433792
19,2314.21853264
18,2327.50900032
17,2297.2841612
16,2231.3024804
15,2145.57014224
14,2049.474672
13,1940.20831872
12,1882.91560968
11,1797.7052072
10,1718.99600656
9,1664.47416688
8,1576.48752744
7,1485.14997848
6,1412.89995672
5,1351.96412456
4,1336.55779992
3,1349.73897632
2,1404.98811208
1,1474.31701984
0,1588.68609144
