Time,Demand
23,1751.12113792
22,1889.0087636
21,1978.25794376
20,2013.04312328
19,2079.54138
18,2100.50189216
17,2076.37318
16,2026.11302656
15,1974.22438024
14,1897.62576584
13,1824.37264352
12,1746.1999044
11,1666.50380064
10,1585.10051896
9,1522.5711956
8,1459.1780896
7,1425.30367672
6,1411.22377088
5,1391.33476776
4,1406.35972232
3,1448.18247336
2,1513.55735776
1,1611.99168368
0,1730.47830704
