Time,Demand
0,1516.64664032
1,1406.53659776
2,1337.16498496
3,1290.4394244
4,1269.72844096
5,1288.24647672
6,1362.65581536
7,1465.14437776
8,1534.12595
9,1583.1710244
10,1629.95939288
11,1676.85599032
12,1733.18115376
13,1797.61993432
14,1890.00282408
15,1983.9883476
16,2077.5173944
17,2144.50058088
18,2165.51348552
19,2129.79474736
20,2079.30724792
21,2048.15295608
22,1916.14769696
23,1734.9563532
