Time,Demand
0,1377.42773896
1,1297.95345176
2,1246.13118952
3,1213.06085488
4,1197.96257168
5,1221.22810544
6,1297.55520832
7,1433.34099048
8,1496.41618336
9,1505.9348948
10,1515.48836768
11,1520.36532312
12,1517.80045928
13,1518.06774336
14,1541.57849608
15,1579.6385444
16,1622.98438344
17,1669.11296496
18,1692.8557408
19,1703.03398944
20,1753.59242912
21,1722.12583424
22,1628.25823384
23,1502.74003656
