Time,Demand
23,1635.21146656
22,1763.52994552
21,1854.86947128
20,1870.58051152
19,1915.7898396
18,1933.28958704
17,1901.2017836
16,1844.33731328
15,1768.34004536
14,1691.31489184
13,1621.17144504
12,1564.906952
11,1520.5133692
10,1471.30388608
9,1419.48862552
8,1362.73557896
7,1331.27466472
6,1306.71857456
5,1286.5763652
4,1294.92320328
3,1329.16238672
2,1388.44516664
1,1473.10013424
0,1591.70158168
