Time,Demand
23,1686.53934568
22,1821.8787608
21,1927.47947504
20,1968.86088896
19,1991.16862336
18,2051.3245536
17,2065.73199784
16,2014.22053616
15,1956.72478904
14,1888.00007536
13,1809.36072016
12,1760.5584864
11,1712.53733448
10,1661.639672
9,1615.0847328
8,1576.45532296
7,1515.13554472
6,1409.64610416
5,1352.33423528
4,1335.3182052
3,1359.70099944
2,1414.76254696
1,1472.33722944
0,1581.90603648
