Time,Demand
23,1724.7998432
22,1891.00738848
21,1996.01319512
20,2003.31836824
19,2046.67680056
18,2075.2145428
17,2057.0250512
16,1992.90983584
15,1917.3890904
14,1834.83269536
13,1751.1936288
12,1693.34774616
11,1645.74129832
10,1604.48329104
9,1562.232672
8,1516.3871436
7,1451.37888672
6,1362.1563452
5,1293.58284776
4,1275.63568216
3,1298.10953608
2,1341.71056376
1,1411.3843996
0,1519.32172336
