Time,Demand
23,1849.92258136
22,2036.3085316
21,2189.41346008
20,2270.16711768
19,2305.25281056
18,2403.76251192
17,2437.58762912
16,2397.888892
15,2319.49336472
14,2215.60660104
13,2069.52966304
12,1969.60189552
11,1882.45018304
10,1795.06935496
9,1724.00169256
8,1659.49130368
7,1578.30329776
6,1449.4501896
5,1359.87826408
4,1334.80282096
3,1358.52070592
2,1410.00226976
1,1490.85865096
0,1607.45823728
