Time,Demand
23,1828.32129312
22,1993.15773832
21,2108.19203784
20,2146.21722
19,2236.14399512
18,2285.22574336
17,2279.52735136
16,2232.21204192
15,2159.22454608
14,2063.04125944
13,1980.58843976
12,1900.8149468
11,1819.76077416
10,1746.98060768
9,1673.8003016
8,1601.76016112
7,1526.65362304
6,1433.18590296
5,1370.15852064
4,1362.33071464
3,1390.96443136
2,1446.45595696
1,1517.52855632
0,1642.45010832
