Time,Demand
23,1885.03661192
22,2047.0233168
21,2138.96342128
20,2174.54867224
19,2258.5434844
18,2321.51297224
17,2344.15152384
16,2338.985474
15,2303.35930104
14,2248.37389056
13,2171.91529856
12,2101.18720392
11,2017.1665864
10,1916.24482168
9,1828.98029832
8,1732.26610088
7,1631.52848432
6,1547.73478552
5,1490.77068616
4,1482.78307968
3,1521.67786624
2,1583.02818184
1,1683.35414856
0,1818.22462584
