Time,Demand
0,1505.77840224
1,1403.26298
2,1326.74966648
3,1275.82326984
4,1245.35275368
5,1233.32601056
6,1239.56448392
7,1246.36440264
8,1259.4660988
9,1307.14075352
10,1357.30728168
11,1387.36523856
12,1435.33656336
13,1496.55432864
14,1573.74971544
15,1643.84876712
16,1725.7155944
17,1804.33132656
18,1850.31281848
19,1851.66531368
20,1830.62792136
21,1832.31261472
22,1737.7680376
23,1597.19304304
