Time,Demand
23,1599.79914416
22,1747.3827336
21,1853.47829352
20,1896.14447736
19,1885.62375232
18,1926.59388432
17,1925.45685472
16,1893.76152728
15,1840.5178792
14,1777.06693416
13,1734.03643
12,1710.72609176
11,1681.71135384
10,1642.94262048
9,1618.20449
8,1593.86243576
7,1535.7330492
6,1415.33873432
5,1340.83942104
4,1324.24257896
3,1351.43499512
2,1404.58101056
1,1483.59731968
0,1597.50848712
