Time,Demand
0,1554.2294096
1,1438.4635132
2,1348.51176152
3,1288.83973456
4,1250.6637612
5,1240.00164624
6,1244.437376
7,1237.93739608
8,1265.27711184
9,1314.2388448
10,1385.14901728
11,1458.69768016
12,1526.14514472
13,1603.58804872
14,1684.77513008
15,1777.27050368
16,1859.28903496
17,1916.42838632
18,1938.4547532
19,1926.36033744
20,1869.95527208
21,1809.52575888
22,1732.97715976
23,1656.52921
