Time,Demand
23,1847.93420168
22,1999.38093768
21,2074.46653568
20,2125.50436
19,2190.03373736
18,2197.97548992
17,2180.47627616
16,2130.357866
15,2056.79908896
14,1969.3946468
13,1887.49769992
12,1799.66017616
11,1697.84831552
10,1598.11568784
9,1512.3544548
8,1435.89444432
7,1386.63373576
6,1362.03617592
5,1351.9258732
4,1365.27607776
3,1411.40685784
2,1475.70969112
1,1563.03906752
0,1696.18793624
