Time,Demand
0,1675.62392536
1,1548.99189872
2,1463.88888464
3,1406.014988
4,1376.39214104
5,1386.889434
6,1459.03710736
7,1586.63213912
8,1656.67640376
9,1708.62641096
10,1774.69251792
11,1846.88976136
12,1918.4993464
13,1993.89013152
14,2097.52186504
15,2183.01386688
16,2253.0695992
17,2295.88186744
18,2283.50360224
19,2201.1264828
20,2159.46999688
21,2084.88911064
22,1942.06011944
23,1762.69597952
