Time,Demand
0,1309.0292264
1,1241.74290576
2,1198.05578592
3,1166.7966996
4,1156.0683652
5,1181.46479304
6,1251.07533992
7,1367.54309216
8,1423.37035736
9,1426.592552
10,1435.23566872
11,1430.199708
12,1413.09950712
13,1391.93637632
14,1411.89030696
15,1430.16280064
16,1460.23757376
17,1488.27386736
18,1509.00804208
19,1526.64217776
20,1595.84278392
21,1575.32703776
22,1512.50441216
23,1413.8448772
