Time,Demand
23,1658.73747256
22,1810.67996648
21,1907.13537336
20,1904.4778228
19,1926.64622976
18,1938.21869864
17,1905.60855296
16,1860.15493216
15,1789.67589864
14,1721.23709912
13,1657.5215104
12,1631.46537064
11,1611.0613708
10,1593.4893436
9,1553.22938736
8,1512.92660568
7,1455.1230344
6,1367.56336976
5,1300.11585424
4,1282.10632088
3,1300.9914736
2,1339.2008252
1,1389.433234
0,1474.55731136
