Time,Demand
0,1675.86577648
1,1545.0538432
2,1458.6841164
3,1408.61405888
4,1377.48297736
5,1386.50433656
6,1441.07910128
7,1505.1835036
8,1589.02007264
9,1675.79176912
10,1745.74277976
11,1827.22119496
12,1904.6833792
13,1969.29447624
14,2035.37508104
15,2123.99524008
16,2197.7723992
17,2258.474008
18,2275.14010528
19,2252.40827
20,2177.2625392
21,2108.2158748
22,2014.76231992
23,1848.67893728
