Time,Demand
23,1854.80663816
22,2058.19097792
21,2209.04566792
20,2263.27783808
19,2324.00495264
18,2342.54767376
17,2297.18417376
16,2210.2944192
15,2095.1673568
14,1966.43344128
13,1838.28517096
12,1721.96084592
11,1604.36814048
10,1504.24701392
9,1422.06332576
8,1356.39440832
7,1322.23652848
6,1317.29917088
5,1317.43926664
4,1339.0829228
3,1374.08453336
2,1435.36369256
1,1536.01673232
0,1662.37203888
