Time,Demand
23,1890.14994784
22,2072.73395784
21,2171.81610632
20,2225.9791904
19,2288.63527872
18,2319.1123508
17,2324.65684416
16,2282.77688296
15,2218.3169372
14,2140.87880888
13,2066.18101088
12,2016.29411536
11,1945.99949376
10,1867.85541152
9,1774.96040176
8,1675.62441144
7,1565.44652264
6,1481.55901544
5,1432.79320688
4,1429.6191784
3,1471.3097028
2,1544.3909068
1,1645.82180336
0,1792.25915624
