Time,Demand
0,1896.20865616
1,1735.48053
2,1629.1445184
3,1536.83932136
4,1470.79535008
5,1434.86004592
6,1448.62349296
7,1467.48119336
8,1545.40918168
9,1647.25968064
10,1767.68180232
11,1918.59384696
12,2044.40484752
13,2148.35793816
14,2250.90613664
15,2335.63340136
16,2394.14071624
17,2398.65071488
18,2384.289726
19,2347.84301136
20,2271.17073736
21,2204.2878956
22,2116.27912552
23,1953.17948168
