Time,Demand
23,1734.9563532
22,1916.14769696
21,2048.15295608
20,2079.30724792
19,2129.79474736
18,2165.51348552
17,2144.50058088
16,2077.5173944
15,1983.9883476
14,1890.00282408
13,1797.61993432
12,1733.18115376
11,1676.85599032
10,1629.95939288
9,1583.1710244
8,1534.12595
7,1465.14437776
6,1362.65581536
5,1288.24647672
4,1269.72844096
3,1290.4394244
2,1337.16498496
1,1406.53659776
0,1516.64664032
