Time,Demand
0,1715.26816776
1,1584.27432576
2,1495.81092472
3,1430.48985464
4,1392.59894816
5,1397.17431672
6,1443.22603096
7,1521.56836272
8,1623.21902008
9,1697.31224432
10,1759.1039732
11,1830.97379528
12,1870.35111816
13,1968.86209912
14,2070.08520488
15,2105.46669256
16,2172.20410456
17,2208.88156664
18,2208.96916296
19,2170.99601824
20,2099.88006928
21,2038.74705104
22,1954.7207708
23,1813.27031536
