Time,Demand
23,1762.69597952
22,1942.06011944
21,2084.88911064
20,2159.46999688
19,2201.1264828
18,2283.50360224
17,2295.88186744
16,2253.0695992
15,2183.01386688
14,2097.52186504
13,1993.89013152
12,1918.4993464
11,1846.88976136
10,1774.69251792
9,1708.62641096
8,1656.67640376
7,1586.63213912
6,1459.03710736
5,1386.889434
4,1376.39214104
3,1406.014988
2,1463.88888464
1,1548.99189872
0,1675.62392536
