Time,Demand
23,1502.74003656
22,1628.25823384
21,1722.12583424
20,1753.59242912
19,1703.03398944
18,1692.8557408
17,1669.11296496
16,1622.98438344
15,1579.6385444
14,1541.57849608
13,1518.06774336
12,1517.80045928
11,1520.36532312
10,1515.48836768
9,1505.9348948
8,1496.41618336
7,1433.34099048
6,1297.55520832
5,1221.22810544
4,1197.96257168
3,1213.06085488
2,1246.13118952
1,1297.95345176
0,1377.42773896
