Time,Demand
23,1839.81893088
22,2021.40265432
21,2116.716532
20,2181.45051824
19,2253.06271176
18,2281.19702216
17,2274.81799104
16,2223.42919176
15,2142.4217248
14,2059.32453832
13,1963.63585376
12,1903.90100152
11,1848.1069096
10,1767.2054372
9,1671.92558512
8,1604.22240384
7,1519.61943448
6,1453.41476168
5,1391.52461336
4,1384.82733312
3,1417.28028008
2,1475.48790928
1,1548.94681312
0,1674.68199416
