Time,Demand
23,1903.113842
22,2071.98922392
21,2150.98699928
20,2193.63777696
19,2255.54377048
18,2261.56101584
17,2254.45049312
16,2199.6661596
15,2120.05002048
14,2032.74113336
13,1937.73113072
12,1837.07240192
11,1707.72966168
10,1586.39080824
9,1500.2894872
8,1406.60956912
7,1367.13359328
6,1390.9125272
5,1398.27009728
4,1433.33877736
3,1482.1079784
2,1550.0243724
1,1651.13153072
0,1790.95780304
