Time,Demand
0,1663.0141136
1,1556.16690208
2,1461.19997632
3,1398.08165448
4,1360.98964232
5,1346.0938372
6,1350.54044664
7,1361.3662804
8,1413.87165584
9,1494.30342376
10,1552.5424656
11,1613.6455048
12,1682.33038344
13,1751.40394408
14,1820.79322432
15,1884.252132
16,1920.70222008
17,1968.4836976
18,2001.53930872
19,2000.88388416
20,1955.65499976
21,1924.59352176
22,1866.78087624
23,1742.8701892
