Time,Demand
0,1823.1330712
1,1684.55030688
2,1585.1401972
3,1513.9983992
4,1477.0995624
5,1486.88909992
6,1554.13982304
7,1632.57550064
8,1732.75166008
9,1834.82658464
10,1930.34823184
11,2038.10485984
12,2148.28180224
13,2241.94894056
14,2351.54155544
15,2431.49006352
16,2460.34271952
17,2477.8700968
18,2463.85539792
19,2426.9943712
20,2384.23310664
21,2354.18368696
22,2237.54046768
23,2046.198574
