Time,Demand
23,1991.99863128
22,2195.47259456
21,2298.93649776
20,2352.42888944
19,2413.00920672
18,2434.25206808
17,2419.71103416
16,2379.26641512
15,2296.86336096
14,2203.18932176
13,2094.87105408
12,1999.42407616
11,1899.81257872
10,1821.81406904
9,1739.75142544
8,1627.95403288
7,1527.20617448
6,1456.78807344
5,1403.78600656
4,1399.6264548
3,1442.2410352
2,1520.13830864
1,1632.03386528
0,1781.21665456
