Time,Demand
23,1842.51707136
22,2020.07054368
21,2107.84780584
20,2156.26971784
19,2226.20731928
18,2254.75686968
17,2240.5997096
16,2178.78936856
15,2097.58151176
14,2012.75151672
13,1921.56109544
12,1865.5179788
11,1813.34305544
10,1741.67660744
9,1679.18779728
8,1603.89646872
7,1506.82265496
6,1441.80327872
5,1370.58591992
4,1360.06668952
3,1403.85530096
2,1459.94043384
1,1536.35387024
0,1655.6774892
