Time,Demand
0,1457.14919784
1,1361.93722336
2,1289.23744152
3,1245.24437072
4,1223.68674344
5,1236.6149852
6,1277.66796752
7,1322.87968624
8,1386.91717696
9,1435.17336088
10,1481.7687556
11,1529.72160376
12,1598.83548216
13,1661.18446032
14,1733.40029632
15,1811.891872
16,1902.29525192
17,1977.42172712
18,2028.74588
19,2027.85174872
20,1967.38063088
21,1916.56025008
22,1845.45061624
23,1704.58752016
