Time,Demand
0,1712.73250344
1,1579.39348504
2,1507.90970568
3,1445.5688352
4,1409.88438584
5,1400.50575448
6,1454.90183104
7,1524.06847656
8,1608.6007084
9,1684.17691008
10,1760.7624804
11,1819.6635408
12,1876.6030304
13,1944.02022808
14,2021.8382884
15,2083.79305848
16,2140.9494568
17,2188.77736616
18,2210.6934136
19,2194.83220432
20,2132.17197704
21,2086.62620936
22,1999.96417488
23,1827.01364496
