Time,Demand
0,1534.04464976
1,1430.53866872
2,1352.67036072
3,1297.01514768
4,1264.82210736
5,1250.74651184
6,1257.836272
7,1270.54516624
8,1283.42601296
9,1341.13373856
10,1408.7240104
11,1494.13825456
12,1601.05162448
13,1724.72792016
14,1865.47783744
15,2003.16295704
16,2112.32648256
17,2179.8913248
18,2197.191612
19,2159.26220384
20,2145.25024112
21,2087.12882728
22,1949.47040512
23,1766.68230984
