Time,Demand
23,1808.82331616
22,1982.72039112
21,2093.51915584
20,2133.80040216
19,2208.9117148
18,2232.46060408
17,2207.6608176
16,2148.9744948
15,2067.63376176
14,1979.46472248
13,1900.19848256
12,1833.77017992
11,1776.48377816
10,1719.39548984
9,1669.72755712
8,1606.332728
7,1497.43777456
6,1427.43831832
5,1350.9952596
4,1326.81899168
3,1346.27160024
2,1396.89577048
1,1474.58215128
0,1569.0207036
