Time,Demand
0,1510.83673048
1,1409.0979
2,1352.0323852
3,1304.99712168
4,1289.77165856
5,1310.2099892
6,1368.75143944
7,1461.3452812
8,1535.16974408
9,1579.9363244
10,1639.52085584
11,1678.85887904
12,1712.4483936
13,1756.7976972
14,1844.69440288
15,1911.17818472
16,1958.14441648
17,1984.50812224
18,1984.34406856
19,1961.35071552
20,1902.65710936
21,1894.34655032
22,1797.60611072
23,1642.01367848
