Time,Demand
23,1507.6523112
22,1649.85791712
21,1750.69249824
20,1786.53139112
19,1752.7732208
18,1764.94795288
17,1759.52003584
16,1716.67454168
15,1657.31959064
14,1613.17848384
13,1571.92780752
12,1563.08253472
11,1542.84693304
10,1528.03467208
9,1505.84424032
8,1467.50419816
7,1401.61026992
6,1276.71314624
5,1192.02576808
4,1156.8839716
3,1160.2071376
2,1183.34799856
1,1230.92643576
0,1301.31194816
