Time,Demand
0,2019.6951572
1,1847.1147268
2,1734.81798672
3,1654.81883392
4,1598.27431736
5,1562.5868328
6,1547.04813816
7,1561.90036856
8,1617.93477552
9,1737.46029576
10,1875.82074232
11,2015.43903176
12,2146.80755856
13,2289.4699604
14,2419.87796904
15,2521.84376808
16,2595.03459544
17,2648.20543904
18,2647.89568344
19,2603.97199104
20,2554.37438536
21,2490.12144304
22,2355.84255368
23,2180.21595344
