Time,Demand
0,1591.70158168
1,1473.10013424
2,1388.44516664
3,1329.16238672
4,1294.92320328
5,1286.5763652
6,1306.71857456
7,1331.27466472
8,1362.73557896
9,1419.48862552
10,1471.30388608
11,1520.5133692
12,1564.906952
13,1621.17144504
14,1691.31489184
15,1768.34004536
16,1844.33731328
17,1901.2017836
18,1933.28958704
19,1915.7898396
20,1870.58051152
21,1854.86947128
22,1763.52994552
23,1635.21146656
