Time,Demand
0,1696.18793624
1,1563.03906752
2,1475.70969112
3,1411.40685784
4,1365.27607776
5,1351.9258732
6,1362.03617592
7,1386.63373576
8,1435.89444432
9,1512.3544548
10,1598.11568784
11,1697.84831552
12,1799.66017616
13,1887.49769992
14,1969.3946468
15,2056.79908896
16,2130.357866
17,2180.47627616
18,2197.97548992
19,2190.03373736
20,2125.50436
21,2074.46653568
22,1999.38093768
23,1847.93420168
