Time,Demand
0,1702.75031192
1,1580.31126232
2,1489.935034
3,1426.01653712
4,1389.9983496
5,1366.90873648
6,1359.52059712
7,1341.64712864
8,1382.73259152
9,1457.4336112
10,1554.34245064
11,1669.558912
12,1783.53360248
13,1879.9725252
14,1959.2738788
15,2043.58932624
16,2120.22883296
17,2191.33693296
18,2225.15763904
19,2225.84521656
20,2169.59729728
21,2114.78771168
22,2033.47694872
23,1859.2641676
