Time,Demand
23,2032.0771912
22,2272.27923608
21,2456.21565392
20,2515.78068392
19,2582.20573072
18,2645.97667936
17,2651.3071648
16,2591.03509672
15,2493.5424836
14,2376.36084616
13,2215.42572496
12,2086.48632416
11,1958.92624928
10,1836.7609876
9,1736.2098684
8,1649.42066408
7,1552.90060632
6,1441.92204968
5,1398.92885496
4,1388.48717224
3,1411.23752392
2,1450.27776656
1,1532.7629072
0,1665.98641664
