Time,Demand
0,1575.93763488
1,1463.52485328
2,1388.5853632
3,1339.02861848
4,1315.68874136
5,1333.456362
6,1403.5074032
7,1508.0478672
8,1560.72506128
9,1586.55011704
10,1671.81949816
11,1715.1841756
12,1755.1895564
13,1803.67419848
14,1887.73351424
15,1973.21100424
16,2036.5746016
17,2087.38394088
18,2097.46580624
19,2060.58184976
20,2018.20454752
21,1988.674198
22,1864.78131784
23,1691.33922272
