Time,Demand
0,1629.24585208
1,1501.4882848
2,1415.28050272
3,1360.94987
4,1336.47569328
5,1358.88119304
6,1424.1540572
7,1511.829312
8,1610.0513212
9,1677.17224696
10,1729.22316336
11,1801.96058392
12,1853.08547424
13,1892.07247544
14,1914.90098184
15,1958.84701992
16,2002.88871888
17,2035.85665192
18,2059.59338872
19,2053.86781656
20,2015.59606416
21,2003.04636056
22,1926.25361376
23,1773.92167792
