Time,Demand
0,1729.41564376
1,1582.12761672
2,1500.70721192
3,1436.21248232
4,1411.20935872
5,1414.32788896
6,1455.63238968
7,1524.8918328
8,1626.3491748
9,1731.65198136
10,1853.75618904
11,1984.78134064
12,2116.1655088
13,2218.30792904
14,2317.59140312
15,2414.15357568
16,2491.52835568
17,2530.4603828
18,2540.49259128
19,2508.86505072
20,2441.37630464
21,2367.9383504
22,2267.16163632
23,2078.2454448
