Time,Demand
23,1725.34742352
22,1889.25734928
21,1974.145502
20,2043.20312336
19,2103.84595512
18,2132.76579432
17,2119.45545168
16,2078.52067192
15,2023.27340264
14,1954.37819752
13,1878.6285392
12,1815.75251144
11,1752.30470352
10,1685.27019808
9,1624.92747368
8,1560.71813576
7,1476.63625256
6,1408.97493856
5,1340.6909628
4,1334.06086464
3,1368.20819296
2,1419.71067784
1,1498.07709016
0,1628.2744828
