Time,Demand
23,1812.01993448
22,1996.18952008
21,2093.88898544
20,2161.21868144
19,2226.38327856
18,2238.19050896
17,2215.71640864
16,2171.47428736
15,2115.32639416
14,2042.54385552
13,1959.66733032
12,1889.46489984
11,1803.17760672
10,1710.02333376
9,1630.187594
8,1540.46160464
7,1438.51154104
6,1361.92668528
5,1311.36131504
4,1298.45098488
3,1322.83040736
2,1379.65867536
1,1469.83407088
0,1599.80409176
