Time,Demand
23,1848.67893728
22,2014.76231992
21,2108.2158748
20,2177.2625392
19,2252.40827
18,2275.14010528
17,2258.474008
16,2197.7723992
15,2123.99524008
14,2035.37508104
13,1969.29447624
12,1904.6833792
11,1827.22119496
10,1745.74277976
9,1675.79176912
8,1589.02007264
7,1505.1835036
6,1441.07910128
5,1386.50433656
4,1377.48297736
3,1408.61405888
2,1458.6841164
1,1545.0538432
0,1675.86577648
