Time,Demand
23,1732.77997088
22,1880.45242168
21,1988.38394272
20,2028.91303776
19,2077.14599512
18,2118.83905688
17,2096.35054496
16,2024.8720604
15,1937.44851384
14,1848.87212048
13,1766.30277152
12,1719.41121296
11,1673.00032872
10,1643.5665008
9,1603.99996064
8,1553.86715904
7,1478.80538232
6,1371.8368776
5,1300.962124
4,1285.10650408
3,1307.7899632
2,1356.96626576
1,1425.64109408
0,1533.5832624
