Time,Demand
23,1805.35978952
22,1989.18805568
21,2114.49896728
20,2159.59408392
19,2241.59076568
18,2278.16025024
17,2258.17067672
16,2199.32341104
15,2124.41294128
14,2052.44816224
13,1966.57645632
12,1885.2310736
11,1806.52951304
10,1743.55922048
9,1691.61063344
8,1623.31785
7,1543.35626984
6,1443.96265328
5,1378.29960856
4,1349.80147792
3,1375.52622256
2,1434.07135368
1,1520.98431744
0,1641.1599484
