Time,Demand
0,1596.04753448
1,1483.35041512
2,1397.40005496
3,1337.188678
4,1296.52328232
5,1281.16389128
6,1303.50597272
7,1307.65976152
8,1338.3662376
9,1387.23929792
10,1448.7181744
11,1518.87879192
12,1600.69008568
13,1689.24545216
14,1776.26812496
15,1854.75364256
16,1952.4589756
17,2041.40725208
18,2100.57445304
19,2106.40248896
20,2049.52789328
21,2005.7165016
22,1911.1707608
23,1750.49038864
