Time,Demand
23,1953.17948168
22,2116.27912552
21,2204.2878956
20,2271.17073736
19,2347.84301136
18,2384.289726
17,2398.65071488
16,2394.14071624
15,2335.63340136
14,2250.90613664
13,2148.35793816
12,2044.40484752
11,1918.59384696
10,1767.68180232
9,1647.25968064
8,1545.40918168
7,1467.48119336
6,1448.62349296
5,1434.86004592
4,1470.79535008
3,1536.83932136
2,1629.1445184
1,1735.48053
0,1896.20865616
