Time,Demand
0,1642.45010832
1,1517.52855632
2,1446.45595696
3,1390.96443136
4,1362.33071464
5,1370.15852064
6,1433.18590296
7,1526.65362304
8,1601.76016112
9,1673.8003016
10,1746.98060768
11,1819.76077416
12,1900.8149468
13,1980.58843976
14,2063.04125944
15,2159.22454608
16,2232.21204192
17,2279.52735136
18,2285.22574336
19,2236.14399512
20,2146.21722
21,2108.19203784
22,1993.15773832
23,1828.32129312
