Time,Demand
23,1773.92167792
22,1926.25361376
21,2003.04636056
20,2015.59606416
19,2053.86781656
18,2059.59338872
17,2035.85665192
16,2002.88871888
15,1958.84701992
14,1914.90098184
13,1892.07247544
12,1853.08547424
11,1801.96058392
10,1729.22316336
9,1677.17224696
8,1610.0513212
7,1511.829312
6,1424.1540572
5,1358.88119304
4,1336.47569328
3,1360.94987
2,1415.28050272
1,1501.4882848
0,1629.24585208
