Time,Demand
0,1459.59100504
1,1362.13316232
2,1298.89838288
3,1260.07579824
4,1247.49248344
5,1278.3527288
6,1357.07869136
7,1471.44222288
8,1550.21435968
9,1599.43881216
10,1658.8808208
11,1720.12958488
12,1655.59251032
13,1690.0136568
14,1762.30411392
15,1840.03553272
16,1918.07815024
17,1980.09523544
18,2007.65100648
19,1983.79524224
20,1949.59963968
21,1941.26042152
22,1827.51426648
23,1661.49772376
