Time,Demand
23,1811.33463392
22,1990.13862488
21,2109.97697064
20,2144.47242408
19,2217.50802784
18,2261.50164576
17,2244.51949736
16,2186.36807872
15,2105.95235928
14,2008.45459864
13,1921.09033592
12,1868.40137064
11,1799.557592
10,1729.8729224
9,1670.19751528
8,1574.9906676
7,1493.19713648
6,1430.76783192
5,1361.16970024
4,1351.46670344
3,1382.0721264
2,1437.92476128
1,1516.85492728
0,1622.72303312
