Time,Demand
0,2017.65295872
1,1880.60670616
2,1771.54408536
3,1688.3573476
4,1632.1917752
5,1599.2725364
6,1591.22573232
7,1601.07513104
8,1629.68556856
9,1753.19496576
10,1885.16791064
11,1997.35450768
12,2113.04484888
13,2196.61937096
14,2276.10980184
15,2321.55195944
16,2340.3411164
17,2350.52519912
18,2316.5704912
19,2238.04255136
20,2201.3914972
21,2147.35032344
22,2043.59093064
23,1894.57164792
