Time,Demand
0,1765.98190552
1,1653.65426128
2,1565.98073072
3,1502.36004744
4,1461.30567408
5,1450.35812768
6,1483.7565596
7,1525.17592696
8,1551.41210112
9,1612.09834688
10,1703.29730984
11,1804.43380768
12,1894.80704056
13,1962.19136568
14,2005.97899992
15,2023.50395352
16,2047.46700312
17,2073.66540752
18,2093.12445944
19,2065.94486784
20,2065.56549584
21,2045.21617776
22,1931.17334144
23,1766.29834752
