Time,Demand
0,1619.665208
1,1504.65747376
2,1421.67737712
3,1377.93966128
4,1363.73891584
5,1382.85019488
6,1450.26143416
7,1523.24400312
8,1604.26716184
9,1665.34399696
10,1735.37209496
11,1795.46588032
12,1836.1198548
13,1861.22524168
14,1935.74561152
15,2027.21146488
16,2096.07632808
17,2154.30536944
18,2180.43378224
19,2157.67202728
20,2094.40329112
21,2058.3421992
22,1970.80413376
23,1807.80469296
