Time,Demand
23,1661.76817352
22,1819.87187088
21,1876.78818656
20,1901.83142912
19,1941.27332056
18,1944.45407632
17,1916.70555832
16,1860.89475824
15,1795.1036572
14,1732.52034088
13,1680.81123336
12,1640.73742056
11,1593.00785952
10,1544.44260096
9,1514.10604576
8,1474.17966752
7,1400.93015552
6,1350.67557744
5,1300.053006
4,1277.36148904
3,1294.2161848
2,1339.19660056
1,1413.97601576
0,1542.0459236
