Time,Demand
0,1655.6774892
1,1536.35387024
2,1459.94043384
3,1403.85530096
4,1360.06668952
5,1370.58591992
6,1441.80327872
7,1506.82265496
8,1603.89646872
9,1679.18779728
10,1741.67660744
11,1813.34305544
12,1865.5179788
13,1921.56109544
14,2012.75151672
15,2097.58151176
16,2178.78936856
17,2240.5997096
18,2254.75686968
19,2226.20731928
20,2156.26971784
21,2107.84780584
22,2020.07054368
23,1842.51707136
