Time,Demand
23,2222.13771696
22,2428.85617576
21,2560.17002584
20,2630.9010728
19,2702.32084248
18,2780.34426712
17,2794.40148064
16,2779.1338876
15,2696.16875696
14,2585.90040744
13,2449.21270944
12,2319.40328816
11,2178.59204808
10,2046.62974768
9,1915.40716416
8,1808.14314072
7,1695.5593676
6,1595.42478368
5,1539.14538848
4,1529.8547488
3,1550.59912168
2,1624.17119592
1,1725.3435752
0,1861.56282592
