Time,Demand
0,1688.10427912
1,1558.36890832
2,1461.62001272
3,1389.46592736
4,1344.01823024
5,1318.53480752
6,1319.34601904
7,1312.37459864
8,1359.52846008
9,1422.69828344
10,1500.05710624
11,1598.64417328
12,1689.53541792
13,1789.7962964
14,1901.53430656
15,2008.31940792
16,2096.73157064
17,2159.57474208
18,2195.78094176
19,2183.22122256
20,2115.72959136
21,2058.29596392
22,1959.11097648
23,1790.3772824
