Time,Demand
0,1561.69116208
1,1446.91310176
2,1365.46448696
3,1325.0882064
4,1305.28604752
5,1314.87340096
6,1364.25065616
7,1425.98432424
8,1481.80314912
9,1531.01616472
10,1578.18148376
11,1630.80211448
12,1675.75064608
13,1718.23293824
14,1774.38576616
15,1836.97062976
16,1893.34263552
17,1949.48319888
18,1973.0556748
19,1955.46302224
20,1917.86625968
21,1878.26620744
22,1813.2736888
23,1679.11748984
