Time,Demand
23,1742.8701892
22,1866.78087624
21,1924.59352176
20,1955.65499976
19,2000.88388416
18,2001.53930872
17,1968.4836976
16,1920.70222008
15,1884.252132
14,1820.79322432
13,1751.40394408
12,1682.33038344
11,1613.6455048
10,1552.5424656
9,1494.30342376
8,1413.87165584
7,1361.3662804
6,1350.54044664
5,1346.0938372
4,1360.98964232
3,1398.08165448
2,1461.19997632
1,1556.16690208
0,1663.0141136
