Time,Demand
23,1737.57769248
22,1887.94697784
21,1990.43349568
20,2014.99461128
19,2077.77598504
18,2122.2621532
17,2112.51271336
16,2049.87540352
15,1974.16020648
14,1889.52192352
13,1801.19166248
12,1743.67747176
11,1687.71171296
10,1634.2899692
9,1590.34600536
8,1540.25135432
7,1469.62780888
6,1377.77615416
5,1313.29503536
4,1305.20236784
3,1327.77598128
2,1383.48584248
1,1460.12663832
0,1570.2439452
