Time,Demand
0,1597.50848712
1,1483.59731968
2,1404.58101056
3,1351.43499512
4,1324.24257896
5,1340.83942104
6,1415.33873432
7,1535.7330492
8,1593.86243576
9,1618.20449
10,1642.94262048
11,1681.71135384
12,1710.72609176
13,1734.03643
14,1777.06693416
15,1840.5178792
16,1893.76152728
17,1925.45685472
18,1926.59388432
19,1885.62375232
20,1896.14447736
21,1853.47829352
22,1747.3827336
23,1599.79914416
