Time,Demand
23,1998.13642336
22,2180.02352624
21,2295.4199688
20,2339.4008708
19,2423.1414788
18,2480.73430528
17,2510.24737152
16,2504.45894832
15,2467.73219616
14,2405.11871712
13,2308.19047368
12,2210.35985352
11,2102.667476
10,1992.67598488
9,1885.6202512
8,1781.82909744
7,1678.23879384
6,1587.47279936
5,1519.3794056
4,1506.98232776
3,1542.36554024
2,1613.5807716
1,1720.41681784
0,1864.38770336
