Time,Demand
23,1678.8605764
22,1840.59119888
21,1950.89262032
20,1970.64961912
19,1995.4862144
18,2030.30877448
17,2016.65093896
16,1960.04018112
15,1894.55668808
14,1834.36779736
13,1750.1866088
12,1704.4768692
11,1673.47592608
10,1643.35444448
9,1607.05188616
8,1561.46947264
7,1489.45639472
6,1379.01754312
5,1304.0520164
4,1286.014296
3,1305.98069112
2,1354.70028176
1,1430.40844408
0,1535.54211608
