Time,Demand
0,1515.79617392
1,1420.05873688
2,1360.63399584
3,1310.79481624
4,1290.203054
5,1302.34597752
6,1357.3465948
7,1403.66067464
8,1469.95886408
9,1519.0880432
10,1549.1832748
11,1584.32505728
12,1620.54921168
13,1654.99315296
14,1725.03830072
15,1795.44324288
16,1867.67857752
17,1917.97668496
18,1946.45646608
19,1943.54274744
20,1900.35277432
21,1869.33881568
22,1814.83270248
23,1682.246734
