Time,Demand
0,1790.95780304
1,1651.13153072
2,1550.0243724
3,1482.1079784
4,1433.33877736
5,1398.27009728
6,1390.9125272
7,1367.13359328
8,1406.60956912
9,1500.2894872
10,1586.39080824
11,1707.72966168
12,1837.07240192
13,1937.73113072
14,2032.74113336
15,2120.05002048
16,2199.6661596
17,2254.45049312
18,2261.56101584
19,2255.54377048
20,2193.63777696
21,2150.98699928
22,2071.98922392
23,1903.113842
