Time,Demand
0,1533.5832624
1,1425.64109408
2,1356.96626576
3,1307.7899632
4,1285.10650408
5,1300.962124
6,1371.8368776
7,1478.80538232
8,1553.86715904
9,1603.99996064
10,1643.5665008
11,1673.00032872
12,1719.41121296
13,1766.30277152
14,1848.87212048
15,1937.44851384
16,2024.8720604
17,2096.35054496
18,2118.83905688
19,2077.14599512
20,2028.91303776
21,1988.38394272
22,1880.45242168
23,1732.77997088
