Time,Demand
23,2180.21595344
22,2355.84255368
21,2490.12144304
20,2554.37438536
19,2603.97199104
18,2647.89568344
17,2648.20543904
16,2595.03459544
15,2521.84376808
14,2419.87796904
13,2289.4699604
12,2146.80755856
11,2015.43903176
10,1875.82074232
9,1737.46029576
8,1617.93477552
7,1561.90036856
6,1547.04813816
5,1562.5868328
4,1598.27431736
3,1654.81883392
2,1734.81798672
1,1847.1147268
0,2019.6951572
