Time,Demand
23,1816.6555876
22,1990.21787496
21,2087.13862056
20,2151.56885552
19,2223.7335456
18,2248.01927056
17,2225.65613032
16,2173.84869128
15,2100.66801952
14,2014.69534728
13,1920.2856568
12,1859.82892984
11,1796.38011448
10,1723.26638176
9,1640.88605184
8,1573.61747872
7,1506.47922432
6,1450.04071632
5,1388.91771536
4,1379.357882
3,1410.16123248
2,1479.93893152
1,1551.6718532
0,1668.79462568
