Time,Demand
23,1807.80469296
22,1970.80413376
21,2058.3421992
20,2094.40329112
19,2157.67202728
18,2180.43378224
17,2154.30536944
16,2096.07632808
15,2027.21146488
14,1935.74561152
13,1861.22524168
12,1836.1198548
11,1795.46588032
10,1735.37209496
9,1665.34399696
8,1604.26716184
7,1523.24400312
6,1450.26143416
5,1382.85019488
4,1363.73891584
3,1377.93966128
2,1421.67737712
1,1504.65747376
0,1619.665208
