Time,Demand
23,1419.01905208
22,1535.58706336
21,1623.5960132
20,1646.23467624
19,1590.58022088
18,1562.49198784
17,1494.01900648
16,1428.75643232
15,1377.79168856
14,1347.71895944
13,1322.97006128
12,1307.74116368
11,1287.42111064
10,1265.85798864
9,1241.51788992
8,1204.10271016
7,1186.659796
6,1154.65942256
5,1135.271606
4,1141.39657072
3,1171.024526
2,1217.05812256
1,1279.70522456
0,1356.6740544
