Time,Demand
23,1766.29834752
22,1931.17334144
21,2045.21617776
20,2065.56549584
19,2065.94486784
18,2093.12445944
17,2073.66540752
16,2047.46700312
15,2023.50395352
14,2005.97899992
13,1962.19136568
12,1894.80704056
11,1804.43380768
10,1703.29730984
9,1612.09834688
8,1551.41210112
7,1525.17592696
6,1483.7565596
5,1450.35812768
4,1461.30567408
3,1502.36004744
2,1565.98073072
1,1653.65426128
0,1765.98190552
