Time,Demand
0,1501.59898728
1,1406.99599432
2,1344.92058176
3,1303.94398288
4,1287.39372608
5,1310.3334048
6,1380.42123744
7,1474.19153952
8,1542.08703488
9,1582.35273672
10,1602.93271264
11,1633.64962432
12,1643.5939828
13,1653.21989784
14,1684.95018272
15,1723.66948544
16,1768.61734168
17,1808.4958108
18,1821.13385328
19,1820.33834248
20,1809.83327784
21,1827.5941404
22,1746.77599656
23,1609.43327104
