Time,Demand
23,1786.469636
22,1967.49074648
21,2116.05041984
20,2180.99955304
19,2226.05484304
18,2302.58065184
17,2316.73596056
16,2284.66435904
15,2218.34801328
14,2137.8962752
13,2057.75260264
12,1958.29161248
11,1874.8145388
10,1801.7799772
9,1742.37706888
8,1686.25555224
7,1616.64575352
6,1516.79215576
5,1461.7122464
4,1447.77086496
3,1479.61074912
2,1527.44716432
1,1606.21273344
0,1713.34373672
