Time,Demand
0,1474.55731136
1,1389.433234
2,1339.2008252
3,1300.9914736
4,1282.10632088
5,1300.11585424
6,1367.56336976
7,1455.1230344
8,1512.92660568
9,1553.22938736
10,1593.4893436
11,1611.0613708
12,1631.46537064
13,1657.5215104
14,1721.23709912
15,1789.67589864
16,1860.15493216
17,1905.60855296
18,1938.21869864
19,1926.64622976
20,1904.4778228
21,1907.13537336
22,1810.67996648
23,1658.73747256
