Time,Demand
23,1597.2690412
22,1716.44517184
21,1765.62084776
20,1789.84122632
19,1814.53134464
18,1782.13827008
17,1714.89884888
16,1633.70911088
15,1553.36512968
14,1503.768938
13,1441.99206704
12,1387.80588016
11,1339.48214792
10,1302.29703632
9,1266.58468384
8,1221.74866296
7,1200.82520264
6,1213.18562904
5,1211.48559168
4,1220.30086248
3,1253.85533336
2,1299.19763568
1,1372.91640584
0,1466.6873788
