Time,Demand
23,1597.19304304
22,1737.7680376
21,1832.31261472
20,1830.62792136
19,1851.66531368
18,1850.31281848
17,1804.33132656
16,1725.7155944
15,1643.84876712
14,1573.74971544
13,1496.55432864
12,1435.33656336
11,1387.36523856
10,1357.30728168
9,1307.14075352
8,1259.4660988
7,1246.36440264
6,1239.56448392
5,1233.32601056
4,1245.35275368
3,1275.82326984
2,1326.74966648
1,1403.26298
0,1505.77840224
