Time,Demand
0,1730.47830704
1,1611.99168368
2,1513.55735776
3,1448.18247336
4,1406.35972232
5,1391.33476776
6,1411.22377088
7,1425.30367672
8,1459.1780896
9,1522.5711956
10,1585.10051896
11,1666.50380064
12,1746.1999044
13,1824.37264352
14,1897.62576584
15,1974.22438024
16,2026.11302656
17,2076.37318
18,2100.50189216
19,2079.54138
20,2013.04312328
21,1978.25794376
22,1889.0087636
23,1751.12113792
