Time,Demand
23,2009.59055304
22,2198.34238344
21,2317.61234208
20,2340.67104208
19,2388.64750936
18,2427.73775552
17,2463.84460224
16,2436.11427752
15,2358.02477288
14,2228.5056388
13,2090.47471192
12,1989.93621624
11,1904.41591312
10,1820.66782184
9,1737.55733088
8,1639.75492856
7,1554.36267112
6,1479.21212096
5,1408.7169432
4,1389.65800792
3,1422.15506496
2,1485.34802752
1,1574.80411872
0,1691.41698656
