Time,Demand
23,2019.16223264
22,2251.35663928
21,2430.0709524
20,2506.39980304
19,2574.58189128
18,2630.1890748
17,2621.97882296
16,2560.75702848
15,2468.7548956
14,2374.85029824
13,2236.98306832
12,2116.01144888
11,2004.54305688
10,1911.90623792
9,1823.7668036
8,1718.29704424
7,1630.14247872
6,1539.9728792
5,1476.04016336
4,1474.35291528
3,1511.76522616
2,1585.1752644
1,1681.59720512
0,1823.38853984
