Time,Demand
0,1616.84347496
1,1523.15877336
2,1446.54117216
3,1400.23781856
4,1400.67195184
5,1425.54994512
6,1502.11903464
7,1615.89385888
8,1705.14171464
9,1787.92911136
10,1856.46184752
11,1911.88551008
12,1993.08412464
13,2072.40561248
14,2182.3525948
15,2272.98842344
16,2353.16701816
17,2409.21757664
18,2409.09076912
19,2344.12615976
20,2300.65525368
21,2235.18682912
22,2087.14453416
23,1891.25642328
