Time,Demand
0,1668.79462568
1,1551.6718532
2,1479.93893152
3,1410.16123248
4,1379.357882
5,1388.91771536
6,1450.04071632
7,1506.47922432
8,1573.61747872
9,1640.88605184
10,1723.26638176
11,1796.38011448
12,1859.82892984
13,1920.2856568
14,2014.69534728
15,2100.66801952
16,2173.84869128
17,2225.65613032
18,2248.01927056
19,2223.7335456
20,2151.56885552
21,2087.13862056
22,1990.21787496
23,1816.6555876
