Time,Demand
23,1912.65602136
22,2099.97003384
21,2212.62194496
20,2279.84751736
19,2337.38078896
18,2355.801742
17,2337.99679848
16,2284.19975952
15,2194.40663176
14,2094.89386624
13,1982.72251072
12,1886.66611392
11,1791.3352268
10,1698.39193104
9,1624.8025388
8,1537.53346432
7,1445.2893868
6,1384.57774896
5,1344.93618896
4,1337.55832336
3,1363.1384396
2,1411.0127136
1,1503.26190224
0,1634.76312608
