Time,Demand
23,1661.56966024
22,1814.49690688
21,1912.81023528
20,1931.65159488
19,1975.3588764
18,1974.24445064
17,1938.209714
16,1878.2031996
15,1794.97556784
14,1698.44157168
13,1602.82004232
12,1518.13257736
11,1446.22831976
10,1385.51194432
9,1340.42535312
8,1304.99222728
7,1277.60681272
6,1275.67017424
5,1270.43694344
4,1285.6917416
3,1305.75910024
2,1366.67446608
1,1445.91969872
0,1553.26675056
