Time,Demand
0,1548.37486104
1,1444.56844224
2,1367.21087776
3,1314.30935776
4,1287.3213388
5,1285.01108344
6,1309.34798176
7,1350.03113056
8,1375.51993096
9,1423.80804384
10,1460.93569104
11,1496.79218864
12,1557.0498776
13,1626.17744016
14,1705.68485192
15,1790.66725208
16,1880.55712656
17,1947.87859056
18,1979.65445664
19,1950.33692392
20,1936.12207544
21,1888.82547504
22,1789.76782376
23,1664.89440712
