Time,Demand
0,1691.41698656
1,1574.80411872
2,1485.34802752
3,1422.15506496
4,1389.65800792
5,1408.7169432
6,1479.21212096
7,1554.36267112
8,1639.75492856
9,1737.55733088
10,1820.66782184
11,1904.41591312
12,1989.93621624
13,2090.47471192
14,2228.5056388
15,2358.02477288
16,2436.11427752
17,2463.84460224
18,2427.73775552
19,2388.64750936
20,2340.67104208
21,2317.61234208
22,2198.34238344
23,2009.59055304
