Time,Demand
23,1691.33922272
22,1864.78131784
21,1988.674198
20,2018.20454752
19,2060.58184976
18,2097.46580624
17,2087.38394088
16,2036.5746016
15,1973.21100424
14,1887.73351424
13,1803.67419848
12,1755.1895564
11,1715.1841756
10,1671.81949816
9,1586.55011704
8,1560.72506128
7,1508.0478672
6,1403.5074032
5,1333.456362
4,1315.68874136
3,1339.02861848
2,1388.5853632
1,1463.52485328
0,1575.93763488
