Time,Demand
0,1542.0459236
1,1413.97601576
2,1339.19660056
3,1294.2161848
4,1277.36148904
5,1300.053006
6,1350.67557744
7,1400.93015552
8,1474.17966752
9,1514.10604576
10,1544.44260096
11,1593.00785952
12,1640.73742056
13,1680.81123336
14,1732.52034088
15,1795.1036572
16,1860.89475824
17,1916.70555832
18,1944.45407632
19,1941.27332056
20,1901.83142912
21,1876.78818656
22,1819.87187088
23,1661.76817352
