Time,Demand
0,1792.25915624
1,1645.82180336
2,1544.3909068
3,1471.3097028
4,1429.6191784
5,1432.79320688
6,1481.55901544
7,1565.44652264
8,1675.62441144
9,1774.96040176
10,1867.85541152
11,1945.99949376
12,2016.29411536
13,2066.18101088
14,2140.87880888
15,2218.3169372
16,2282.77688296
17,2324.65684416
18,2319.1123508
19,2288.63527872
20,2225.9791904
21,2171.81610632
22,2072.73395784
23,1890.14994784
