Time,Demand
0,1665.17038184
1,1538.40922872
2,1461.92886672
3,1398.55628864
4,1357.03014552
5,1339.09569864
6,1356.07657136
7,1364.43673744
8,1423.85854128
9,1484.65735488
10,1552.33024688
11,1643.05059632
12,1726.89380584
13,1792.30910432
14,1887.54772752
15,1986.82288
16,2084.80964328
17,2160.31820592
18,2203.60351512
19,2199.19866712
20,2140.2096324
21,2086.30797592
22,1990.42101888
23,1840.64078464
