Time,Demand
0,1569.0207036
1,1474.58215128
2,1396.89577048
3,1346.27160024
4,1326.81899168
5,1350.9952596
6,1427.43831832
7,1497.43777456
8,1606.332728
9,1669.72755712
10,1719.39548984
11,1776.48377816
12,1833.77017992
13,1900.19848256
14,1979.46472248
15,2067.63376176
16,2148.9744948
17,2207.6608176
18,2232.46060408
19,2208.9117148
20,2133.80040216
21,2093.51915584
22,1982.72039112
23,1808.82331616
