Time,Demand
0,1692.59255536
1,1555.7569132
2,1460.01925944
3,1401.46988744
4,1374.76882088
5,1380.0129756
6,1438.85653128
7,1518.70681368
8,1622.84323824
9,1696.7385512
10,1768.0813472
11,1847.36134128
12,1918.4718868
13,1990.80152824
14,2068.38400664
15,2134.23008288
16,2216.18250952
17,2270.52484792
18,2290.97357552
19,2274.89664304
20,2206.6592772
21,2143.53802152
22,2039.042502
23,1858.22300216
