Time,Demand
23,2078.2454448
22,2267.16163632
21,2367.9383504
20,2441.37630464
19,2508.86505072
18,2540.49259128
17,2530.4603828
16,2491.52835568
15,2414.15357568
14,2317.59140312
13,2218.30792904
12,2116.1655088
11,1984.78134064
10,1853.75618904
9,1731.65198136
8,1626.3491748
7,1524.8918328
6,1455.63238968
5,1414.32788896
4,1411.20935872
3,1436.21248232
2,1500.70721192
1,1582.12761672
0,1729.41564376
