Time,Demand
23,1909.04456848
22,2096.56215832
21,2210.3594072
20,2276.22796912
19,2353.30448808
18,2381.2937708
17,2361.40957808
16,2313.45415168
15,2232.94380792
14,2142.31547152
13,2048.75783112
12,1961.84513616
11,1871.13904992
10,1786.95990592
9,1712.25467448
8,1616.17309392
7,1533.34928768
6,1468.10733216
5,1408.12255024
4,1398.1206736
3,1428.43467312
2,1483.76931472
1,1562.47398496
0,1688.15821048
