Time,Demand
23,1894.57164792
22,2043.59093064
21,2147.35032344
20,2201.3914972
19,2238.04255136
18,2316.5704912
17,2350.52519912
16,2340.3411164
15,2321.55195944
14,2276.10980184
13,2196.61937096
12,2113.04484888
11,1997.35450768
10,1885.16791064
9,1753.19496576
8,1629.68556856
7,1601.07513104
6,1591.22573232
5,1599.2725364
4,1632.1917752
3,1688.3573476
2,1771.54408536
1,1880.60670616
0,2017.65295872
