Time,Demand
23,1704.58752016
22,1845.45061624
21,1916.56025008
20,1967.38063088
19,2027.85174872
18,2028.74588
17,1977.42172712
16,1902.29525192
15,1811.891872
14,1733.40029632
13,1661.18446032
12,1598.83548216
11,1529.72160376
10,1481.7687556
9,1435.17336088
8,1386.91717696
7,1322.87968624
6,1277.66796752
5,1236.6149852
4,1223.68674344
3,1245.24437072
2,1289.23744152
1,1361.93722336
0,1457.14919784
