Time,Demand
0,1826.81840096
1,1685.3060196
2,1584.48823456
3,1515.45088576
4,1473.92145432
5,1477.48429304
6,1541.52358808
7,1657.15130784
8,1739.44340304
9,1835.77095968
10,1952.31923544
11,2056.27726752
12,2162.3018648
13,2284.39036616
14,2408.1624532
15,2507.09261376
16,2574.84356192
17,2603.18520784
18,2594.67643624
19,2553.98403736
20,2521.69032864
21,2456.94176
22,2296.70848624
23,2066.64628912
