Time,Demand
0,1537.44488184
1,1419.99300632
2,1348.2473088
3,1307.75669304
4,1278.45877936
5,1289.12555576
6,1343.99045032
7,1409.9846152
8,1495.39282424
9,1570.83272976
10,1639.45132736
11,1704.4774656
12,1773.66647192
13,1854.306734
14,1948.12078496
15,2036.08429304
16,2104.29704016
17,2160.53116888
18,2196.18571592
19,2186.70263112
20,2137.302832
21,2079.0447412
22,1986.40967784
23,1807.67296304
