Time,Demand
0,1861.56282592
1,1725.3435752
2,1624.17119592
3,1550.59912168
4,1529.8547488
5,1539.14538848
6,1595.42478368
7,1695.5593676
8,1808.14314072
9,1915.40716416
10,2046.62974768
11,2178.59204808
12,2319.40328816
13,2449.21270944
14,2585.90040744
15,2696.16875696
16,2779.1338876
17,2794.40148064
18,2780.34426712
19,2702.32084248
20,2630.9010728
21,2560.17002584
22,2428.85617576
23,2222.13771696
