Time,Demand
0,1665.98641664
1,1532.7629072
2,1450.27776656
3,1411.23752392
4,1388.48717224
5,1398.92885496
6,1441.92204968
7,1552.90060632
8,1649.42066408
9,1736.2098684
10,1836.7609876
11,1958.92624928
12,2086.48632416
13,2215.42572496
14,2376.36084616
15,2493.5424836
16,2591.03509672
17,2651.3071648
18,2645.97667936
19,2582.20573072
20,2515.78068392
21,2456.21565392
22,2272.27923608
23,2032.0771912
