Time,Demand
0,1543.18893568
1,1431.21797784
2,1340.33784472
3,1283.8081004
4,1254.24099192
5,1245.19261608
6,1264.35247848
7,1279.0014132
8,1312.17772784
9,1357.58932512
10,1400.31376016
11,1429.66504856
12,1460.20393008
13,1491.33118792
14,1531.39067368
15,1586.13340256
16,1640.74895768
17,1697.70371792
18,1746.56685504
19,1761.2846216
20,1739.481744
21,1724.68511432
22,1684.61815088
23,1582.09563288
