Time,Demand
0,1665.88836456
1,1550.1962616
2,1463.20151544
3,1396.09835512
4,1352.95563424
5,1339.62029824
6,1351.46097072
7,1369.57623936
8,1418.2017332
9,1481.22514792
10,1543.8542784
11,1605.53682184
12,1680.40243112
13,1763.68905272
14,1846.09707352
15,1922.77433208
16,1985.81960472
17,2026.46200008
18,2055.54616344
19,2035.0049104
20,1967.46082064
21,1928.60908688
22,1832.83982448
23,1690.67427088
