Time,Demand
23,2018.20886456
22,2236.33001928
21,2403.56671744
20,2475.13949312
19,2538.41220808
18,2589.16767536
17,2579.47693584
16,2519.55785256
15,2427.29521384
14,2326.47112432
13,2202.86705744
12,2110.86947288
11,2006.02164224
10,1884.6057804
9,1794.14836944
8,1707.95053744
7,1621.5739792
6,1512.8283408
5,1449.7656544
4,1448.84864432
3,1486.51773368
2,1556.07742024
1,1658.37952448
0,1810.72634064
