Time,Demand
0,1810.72634064
1,1658.37952448
2,1556.07742024
3,1486.51773368
4,1448.84864432
5,1449.7656544
6,1512.8283408
7,1621.5739792
8,1707.95053744
9,1794.14836944
10,1884.6057804
11,2006.02164224
12,2110.86947288
13,2202.86705744
14,2326.47112432
15,2427.29521384
16,2519.55785256
17,2579.47693584
18,2589.16767536
19,2538.41220808
20,2475.13949312
21,2403.56671744
22,2236.33001928
23,2018.20886456
