Time,Demand
23,1728.5384424
22,1859.29022496
21,1945.67562392
20,1996.11514088
19,2064.510826
18,2086.95879728
17,2065.56388472
16,2014.04986104
15,1952.46832648
14,1886.13696992
13,1792.54655328
12,1713.80994568
11,1635.59456984
10,1557.09745576
9,1494.47719848
8,1430.42526592
7,1367.63037432
6,1358.48506136
5,1347.57899416
4,1359.7776668
3,1400.47610472
2,1464.88170416
1,1541.36138856
0,1663.89542088
