Time,Demand
23,1766.68230984
22,1949.47040512
21,2087.12882728
20,2145.25024112
19,2159.26220384
18,2197.191612
17,2179.8913248
16,2112.32648256
15,2003.16295704
14,1865.47783744
13,1724.72792016
12,1601.05162448
11,1494.13825456
10,1408.7240104
9,1341.13373856
8,1283.42601296
7,1270.54516624
6,1257.836272
5,1250.74651184
4,1264.82210736
3,1297.01514768
2,1352.67036072
1,1430.53866872
0,1534.04464976
