Time,Demand
0,1864.38770336
1,1720.41681784
2,1613.5807716
3,1542.36554024
4,1506.98232776
5,1519.3794056
6,1587.47279936
7,1678.23879384
8,1781.82909744
9,1885.6202512
10,1992.67598488
11,2102.667476
12,2210.35985352
13,2308.19047368
14,2405.11871712
15,2467.73219616
16,2504.45894832
17,2510.24737152
18,2480.73430528
19,2423.1414788
20,2339.4008708
21,2295.4199688
22,2180.02352624
23,1998.13642336
