Time,Demand
0,1662.37203888
1,1536.01673232
2,1435.36369256
3,1374.08453336
4,1339.0829228
5,1317.43926664
6,1317.29917088
7,1322.23652848
8,1356.39440832
9,1422.06332576
10,1504.24701392
11,1604.36814048
12,1721.96084592
13,1838.28517096
14,1966.43344128
15,2095.1673568
16,2210.2944192
17,2297.18417376
18,2342.54767376
19,2324.00495264
20,2263.27783808
21,2209.04566792
22,2058.19097792
23,1854.80663816
