Time,Demand
0,1645.09880416
1,1520.58027632
2,1450.7883852
3,1389.14560344
4,1357.56833744
5,1368.48561024
6,1427.62259248
7,1489.83196488
8,1581.18532712
9,1651.07550216
10,1702.914122
11,1774.66348248
12,1841.86512272
13,1884.82668472
14,1963.22655592
15,2054.1637956
16,2133.37038936
17,2193.96556512
18,2221.9478708
19,2199.92137344
20,2130.23183072
21,2061.10461032
22,1971.57324784
23,1817.27044688
