Time,Demand
23,1609.43327104
22,1746.77599656
21,1827.5941404
20,1809.83327784
19,1820.33834248
18,1821.13385328
17,1808.4958108
16,1768.61734168
15,1723.66948544
14,1684.95018272
13,1653.21989784
12,1643.5939828
11,1633.64962432
10,1602.93271264
9,1582.35273672
8,1542.08703488
7,1474.19153952
6,1380.42123744
5,1310.3334048
4,1287.39372608
3,1303.94398288
2,1344.92058176
1,1406.99599432
0,1501.59898728
