Time,Demand
23,1710.70865224
22,1866.23250464
21,1953.77515704
20,1975.33528864
19,2024.41117368
18,2015.5000432
17,1983.55929968
16,1908.69473312
15,1817.91316616
14,1728.60079616
13,1650.42116176
12,1575.36243256
11,1503.2286612
10,1436.56699816
9,1381.3465456
8,1329.77142312
7,1306.80187904
6,1314.56683176
5,1312.08656208
4,1331.03908336
3,1370.69849
2,1434.29099688
1,1517.30173056
0,1621.899216
