Time,Demand
23,1413.8448772
22,1512.50441216
21,1575.32703776
20,1595.84278392
19,1526.64217776
18,1509.00804208
17,1488.27386736
16,1460.23757376
15,1430.16280064
14,1411.89030696
13,1391.93637632
12,1413.09950712
11,1430.199708
10,1435.23566872
9,1426.592552
8,1423.37035736
7,1367.54309216
6,1251.07533992
5,1181.46479304
4,1156.0683652
3,1166.7966996
2,1198.05578592
1,1241.74290576
0,1309.0292264
