Time,Demand
0,1535.54211608
1,1430.40844408
2,1354.70028176
3,1305.98069112
4,1286.014296
5,1304.0520164
6,1379.01754312
7,1489.45639472
8,1561.46947264
9,1607.05188616
10,1643.35444448
11,1673.47592608
12,1704.4768692
13,1750.1866088
14,1834.36779736
15,1894.55668808
16,1960.04018112
17,2016.65093896
18,2030.30877448
19,1995.4862144
20,1970.64961912
21,1950.89262032
22,1840.59119888
23,1678.8605764
