Time,Demand
0,1393.45112536
1,1316.46670064
2,1266.17389304
3,1224.36663272
4,1210.56163816
5,1232.80744048
6,1297.96993144
7,1408.3635132
8,1465.06553144
9,1486.66625744
10,1496.97710064
11,1513.78237416
12,1519.55334608
13,1516.48038248
14,1551.04033392
15,1581.76963336
16,1615.4860764
17,1653.6324644
18,1669.6951684
19,1670.81472208
20,1705.88134528
21,1684.31594072
22,1612.7497848
23,1510.24993504
