Time,Demand
0,1634.76312608
1,1503.26190224
2,1411.0127136
3,1363.1384396
4,1337.55832336
5,1344.93618896
6,1384.57774896
7,1445.2893868
8,1537.53346432
9,1624.8025388
10,1698.39193104
11,1791.3352268
12,1886.66611392
13,1982.72251072
14,2094.89386624
15,2194.40663176
16,2284.19975952
17,2337.99679848
18,2355.801742
19,2337.38078896
20,2279.84751736
21,2212.62194496
22,2099.97003384
23,1912.65602136
