Time,Demand
0,1641.1599484
1,1520.98431744
2,1434.07135368
3,1375.52622256
4,1349.80147792
5,1378.29960856
6,1443.96265328
7,1543.35626984
8,1623.31785
9,1691.61063344
10,1743.55922048
11,1806.52951304
12,1885.2310736
13,1966.57645632
14,2052.44816224
15,2124.41294128
16,2199.32341104
17,2258.17067672
18,2278.16025024
19,2241.59076568
20,2159.59408392
21,2114.49896728
22,1989.18805568
23,1805.35978952
