Time,Demand
0,1588.68609144
1,1474.31701984
2,1404.98811208
3,1349.73897632
4,1336.55779992
5,1351.96412456
6,1412.89995672
7,1485.14997848
8,1576.48752744
9,1664.47416688
10,1718.99600656
11,1797.7052072
12,1882.91560968
13,1940.20831872
14,2049.474672
15,2145.57014224
16,2231.3024804
17,2297.2841612
18,2327.50900032
19,2314.21853264
20,2239.42433792
21,2181.37309936
22,2064.29259456
23,1871.53111488
