Time,Demand
0,1587.5415248
1,1470.2632112
2,1403.41759096
3,1348.5439548
4,1312.58020208
5,1304.48638152
6,1321.04311416
7,1354.75279072
8,1392.88037392
9,1459.52919896
10,1538.49863328
11,1609.46116184
12,1700.95406824
13,1805.43196792
14,1935.79602832
15,2059.6923816
16,2164.64612392
17,2245.40907584
18,2281.5887444
19,2251.86072608
20,2179.39026144
21,2108.99220056
22,1969.00783464
23,1813.6818532
