Time,Demand
0,1581.90603648
1,1472.33722944
2,1414.76254696
3,1359.70099944
4,1335.3182052
5,1352.33423528
6,1409.64610416
7,1515.13554472
8,1576.45532296
9,1615.0847328
10,1661.639672
11,1712.53733448
12,1760.5584864
13,1809.36072016
14,1888.00007536
15,1956.72478904
16,2014.22053616
17,2065.73199784
18,2051.3245536
19,1991.16862336
20,1968.86088896
21,1927.47947504
22,1821.8787608
23,1686.53934568
