Time,Demand
23,1458.0670356
22,1541.9068896
21,1614.2655312
20,1645.01541848
19,1626.48177608
18,1631.894488
17,1598.28168472
16,1549.38341208
15,1485.9263468
14,1431.05089848
13,1399.12037664
12,1387.86230744
11,1378.15975528
10,1359.42282728
9,1334.72652768
8,1295.15230488
7,1277.43289408
6,1240.29868592
5,1209.63255448
4,1202.66839504
3,1221.6059576
2,1258.34128896
1,1318.91793936
0,1400.44587704
