Time,Demand
0,1757.28795144
1,1612.37495048
2,1524.76198392
3,1466.82574528
4,1429.02499824
5,1434.69429992
6,1485.14121
7,1562.07189488
8,1657.39447216
9,1728.17918952
10,1814.4228088
11,1899.87294728
12,1980.78701688
13,2052.26360696
14,2136.70888144
15,2191.5933256
16,2264.1542448
17,2314.95298944
18,2331.26597928
19,2302.86325248
20,2226.44120496
21,2145.84065808
22,2046.36009816
23,1861.36570592
