Time,Demand
23,1895.01543224
22,2087.28110192
21,2199.3594644
20,2274.35000408
19,2356.05165264
18,2387.28563528
17,2374.68143248
16,2328.90940968
15,2259.44281752
14,2179.93610744
13,2087.04248368
12,2016.89759096
11,1936.10046504
10,1836.97324384
9,1753.01393568
8,1656.14225448
7,1550.01288288
6,1475.53843472
5,1412.60035
4,1401.666182
3,1430.55744664
2,1471.57586744
1,1563.84053504
0,1687.37070824
