Time,Demand
23,1859.2641676
22,2033.47694872
21,2114.78771168
20,2169.59729728
19,2225.84521656
18,2225.15763904
17,2191.33693296
16,2120.22883296
15,2043.58932624
14,1959.2738788
13,1879.9725252
12,1783.53360248
11,1669.558912
10,1554.34245064
9,1457.4336112
8,1382.73259152
7,1341.64712864
6,1359.52059712
5,1366.90873648
4,1389.9983496
3,1426.01653712
2,1489.935034
1,1580.31126232
0,1702.75031192
