Time,Demand
0,1382.42493592
1,1298.49356448
2,1239.67561088
3,1202.99180288
4,1189.49974248
5,1220.2367436
6,1293.075658
7,1417.36345184
8,1495.07805608
9,1507.73451752
10,1522.96630696
11,1536.88384696
12,1541.12695912
13,1533.31636976
14,1560.61371592
15,1599.07278776
16,1627.16680952
17,1656.50750328
18,1676.02973104
19,1691.30109736
20,1745.3141944
21,1710.58255592
22,1619.0071156
23,1488.96671504
