Time,Demand
23,1807.67296304
22,1986.40967784
21,2079.0447412
20,2137.302832
19,2186.70263112
18,2196.18571592
17,2160.53116888
16,2104.29704016
15,2036.08429304
14,1948.12078496
13,1854.306734
12,1773.66647192
11,1704.4774656
10,1639.45132736
9,1570.83272976
8,1495.39282424
7,1409.9846152
6,1343.99045032
5,1289.12555576
4,1278.45877936
3,1307.75669304
2,1348.2473088
1,1419.99300632
0,1537.44488184
