Time,Demand
23,1690.67427088
22,1832.83982448
21,1928.60908688
20,1967.46082064
19,2035.0049104
18,2055.54616344
17,2026.46200008
16,1985.81960472
15,1922.77433208
14,1846.09707352
13,1763.68905272
12,1680.40243112
11,1605.53682184
10,1543.8542784
9,1481.22514792
8,1418.2017332
7,1369.57623936
6,1351.46097072
5,1339.62029824
4,1352.95563424
3,1396.09835512
2,1463.20151544
1,1550.1962616
0,1665.88836456
