Time,Demand
23,1510.24993504
22,1612.7497848
21,1684.31594072
20,1705.88134528
19,1670.81472208
18,1669.6951684
17,1653.6324644
16,1615.4860764
15,1581.76963336
14,1551.04033392
13,1516.48038248
12,1519.55334608
11,1513.78237416
10,1496.97710064
9,1486.66625744
8,1465.06553144
7,1408.3635132
6,1297.96993144
5,1232.80744048
4,1210.56163816
3,1224.36663272
2,1266.17389304
1,1316.46670064
0,1393.45112536
