Time,Demand
0,1466.6873788
1,1372.91640584
2,1299.19763568
3,1253.85533336
4,1220.30086248
5,1211.48559168
6,1213.18562904
7,1200.82520264
8,1221.74866296
9,1266.58468384
10,1302.29703632
11,1339.48214792
12,1387.80588016
13,1441.99206704
14,1503.768938
15,1553.36512968
16,1633.70911088
17,1714.89884888
18,1782.13827008
19,1814.53134464
20,1789.84122632
21,1765.62084776
22,1716.44517184
23,1597.2690412
