Time,Demand
0,1400.44587704
1,1318.91793936
2,1258.34128896
3,1221.6059576
4,1202.66839504
5,1209.63255448
6,1240.29868592
7,1277.43289408
8,1295.15230488
9,1334.72652768
10,1359.42282728
11,1378.15975528
12,1387.86230744
13,1399.12037664
14,1431.05089848
15,1485.9263468
16,1549.38341208
17,1598.28168472
18,1631.894488
19,1626.48177608
20,1645.01541848
21,1614.2655312
22,1541.9068896
23,1458.0670356
