Time,Demand
0,1674.68199416
1,1548.94681312
2,1475.48790928
3,1417.28028008
4,1384.82733312
5,1391.52461336
6,1453.41476168
7,1519.61943448
8,1604.22240384
9,1671.92558512
10,1767.2054372
11,1848.1069096
12,1903.90100152
13,1963.63585376
14,2059.32453832
15,2142.4217248
16,2223.42919176
17,2274.81799104
18,2281.19702216
19,2253.06271176
20,2181.45051824
21,2116.716532
22,2021.40265432
23,1839.81893088
