Time,Demand
23,1642.01367848
22,1797.60611072
21,1894.34655032
20,1902.65710936
19,1961.35071552
18,1984.34406856
17,1984.50812224
16,1958.14441648
15,1911.17818472
14,1844.69440288
13,1756.7976972
12,1712.4483936
11,1678.85887904
10,1639.52085584
9,1579.9363244
8,1535.16974408
7,1461.3452812
6,1368.75143944
5,1310.2099892
4,1289.77165856
3,1304.99712168
2,1352.0323852
1,1409.0979
0,1510.83673048
