Time,Demand
23,2046.198574
22,2237.54046768
21,2354.18368696
20,2384.23310664
19,2426.9943712
18,2463.85539792
17,2477.8700968
16,2460.34271952
15,2431.49006352
14,2351.54155544
13,2241.94894056
12,2148.28180224
11,2038.10485984
10,1930.34823184
9,1834.82658464
8,1732.75166008
7,1632.57550064
6,1554.13982304
5,1486.88909992
4,1477.0995624
3,1513.9983992
2,1585.1401972
1,1684.55030688
0,1823.1330712
