Time,Demand
23,1750.49038864
22,1911.1707608
21,2005.7165016
20,2049.52789328
19,2106.40248896
18,2100.57445304
17,2041.40725208
16,1952.4589756
15,1854.75364256
14,1776.26812496
13,1689.24545216
12,1600.69008568
11,1518.87879192
10,1448.7181744
9,1387.23929792
8,1338.3662376
7,1307.65976152
6,1303.50597272
5,1281.16389128
4,1296.52328232
3,1337.188678
2,1397.40005496
1,1483.35041512
0,1596.04753448
