Time,Demand
0,1553.26675056
1,1445.91969872
2,1366.67446608
3,1305.75910024
4,1285.6917416
5,1270.43694344
6,1275.67017424
7,1277.60681272
8,1304.99222728
9,1340.42535312
10,1385.51194432
11,1446.22831976
12,1518.13257736
13,1602.82004232
14,1698.44157168
15,1794.97556784
16,1878.2031996
17,1938.209714
18,1974.24445064
19,1975.3588764
20,1931.65159488
21,1912.81023528
22,1814.49690688
23,1661.56966024
